,report_name,report_period,pbls_year,sector
1,(재)다솜이재단 2008지속가능경영보고서,2008.01~2008.12,2009,Non-Profit&Services
2,㈜연우 지속가능경영보고서 2019~20,2019.1~2019.12,2020,Other
3,18-19 BGF group Sustainability Report,2018.1~2018.12,2019,Retailers
4,19-20 BGF group Sustainability Report,2019.1~2019.12,2020,Retailers
5,2 0 1 4 - 2 0 1 5 LG디스플레이 지속가능경영보고서,2014.1~2014.12,2015,Equipment
6,2003 지속가능성 보고서,2003.01~2003.12,2004,Conglomerates
7,2004 지속가능성 보고서,2004.01~2004.12,2000,Conglomerates
8,2004 환경사회보고서,2000.01~2003.12,2004,Automotive
9,2004-2005 지속가능성 보고서,2004.04~2005.03,2008,Financial Services
10,2005 Environmental Progress Report,2004.01~2004.12,2005,Household and Personal Products
11,2005 Sustainability Report,2002.01~2004.12,2005,석유 및 가스
12,2005 기아자동차 환경사회보고서,2000.01~2004.12,2005,Automotive
13,2005 지속가능성 보고서,2005.01~2005.12,2006,Conglomerates
14,2005 지속가능성 보고서,2005.01~2005.12,2006,Telecommunications
15,2005 지속가능성보고서,2005.01~2005.12,2006,Energy
16,2005 환경사회보고서,2004.01~2004.12,2005,Aviation
17,2006 Environmental Progress Report,2005.01~2005.12,2006,Household and Personal Products
18,2006 SUSTAINABILITY REPORT,2005.01~2005.12,2006,Aviation
19,2006 Sustainability Report,2006.01~2006.12,2007,Chemicals
20,2006 삼성전자 환경사회보고서,2005.01~2005.12,2006,Consumer Durables
21,2006 신한은행 사회책임보고서,2003.01~2006.06,2007,은행
22,2006 웅진그룹 환경사회 보고서,2006.01~2006.12,2007,환경가전
23,2006 지속가능경영 보고서,2006.04~2007.03,2007,Financial Services
24,2006 지속가능경영보고서,2005.01~2005.12,2006,Aviation
25,2006 지속가능경영보고서,2005.01~2005.12,2006,Energy
26,2006 지속가능성 보고서,2006.01~2006.12,2007,Conglomerates
27,2006 지속가능성보고서,2006.01~2006.12,2007,Energy
28,2006 지속가능성보고서,2006.01~2006.12,2007,철강
29,2006-2007 지속가능성 보고서,2005.01~2007.12,2009,Financial Services
30,2007 Environmental Progress Report,2006.01~2006.12,2007,Household and Personal Products
31,2007 Sistainability Report,2007.01~2007.12,2008,Chemicals
32,2007 Sustainability Report,2006.01~2006.12,2007,Public Agency
33,2007 Sustainability Report,2006.01~2006.12,2008,Energy
34,2007 Sustaining  Excellence %,2006.01~2006.12,2007,Aviation
35,2007 대구은행 지속가능경영보고서 Drive Global Best(Achieving Low Carbon Banking),2007.01~2007.12,2008,은행
36,2007 삼성전자 환경사회보고서,2006.01~2006.12,2007,Consumer Durables
37,2007 지속가능경영보고서,2006.01~2006.12,2007,Aviation
38,2007 지속가능경영보고서,2006.01~2006.12,2007,Food and Beverage Products
39,2007 지속가능경영보고서,2007.01~2007.12,2008,Public Agency
40,2007 지속가능성 보고서,2007.01~2007.12,2008,Conglomerates
41,2007 지속가능성 보고서,2007.01~2007.12,2008,Telecommunications
42,2007 지속가능성보고서,2007.01~2007.12,2008,Energy
43,2007 지속가능성보고서,2007.01~2007.12,2008,생활용품
44,2007 지속가능성보고서,2007.01~2008.09,2009,종합식품
45,2008 Environmental Progress Report,2007.01~2007.12,2008,Household and Personal Products
46,2008 KOREAN AIR SUSTAINABILITY REPORT,2007.01~2007.12,2008,Aviation
47,2008 Sustainability Report 한국동서발전(주),2007.01~2007.12,2009,Energy
48,2008 Sustainability Report,2006.01~2007.12,2009,Energy
49,2008 교직원공제회 지속가능성 보고서,2008.01~2008.12,2009,Others
50,2008 신한은행 사회책임보고서,2008.01~2008.12,2009,은행
51,2008 아모레퍼시픽 지속가능성보고서,2008.01~2008.12,2009,Household and Personal Products
52,2008 지속가능경영보고서 - 사랑가득 희망에너지,2007.01~2007.12,2009,석유 및 가스
53,2008 지속가능경영보고서,2007.01~2007.12,2008,Energy
54,2008 지속가능경영보고서,2008.01~2008.12,2009,Consumer Durables
55,2008 지속가능경영보고서,2008.01~2008.12,2009,자동차
56,2008 지속가능성 보고서,2006.01~2007.12,2008,종합식품
57,2008 지속가능성 보고서,2007.01~2007.12,2008,Public Agency
58,2008 지속가능성 보고서,2008.01~2008.12,2009,Chemicals
59,2008 지속가능성 보고서,2008.01~2008.12,2009,Telecommunications
60,2008 지속가능성 보고서,2008.01~2008.12,2009,석유 및 가스
61,2008 지속가능성보고서,2005.01~2007.12,2008,Consumer Durables
62,2008 지속가능성보고서,2007.01~2007.12,2008,Aviation
63,2008 지속가능성보고서,2008.01~2008.12,2009,Energy
64,2008 지속가능성보고서,2008.01~2008.12,2009,생활용품
65,2008 지속가능성보고서,2008.01~2008.12,2009,철강
66,2008 지속가능희망보고서,2008.01~2008.12,2009,Non-Profit&Services
67,2008 지속경영보고서,2005.01~2007.12,2008,전기&전자 부품
68,2008 하나은행 지속가능성보고서,2007.01~2008.12,2009,은행
69,2008 한국 BASF 지속가능보고서,2006.01~2007.12,2010,Chemicals
70,2008 한미파슨스 지속가능경영보고서,2008.01~2008.12,2009,설계 및 감리
71,2008 홈플러스 지속가능성보고서,2007.01~2007.12,2009,할인점
72,2008-2009 지속가능성 보고서,2008.01~2008.12,2009,Consumer Durables
73,2008년 경신공업(주) 지속가능성보고서,2007.01~2007.12,2008,화장품
74,2009 KB 지속가능경영보고서,2009.01~2009.12,2010,은행
75,2009 KSA 지속가능성 보고서,2008.01~2008.12,2009,Other
76,2009 STX건설  지속가능경영보고서,2009.01~2009.12,2010,Construction
77,2009 STX그룹 지속가능경영보고서,2009.01~2009.12,2010,Conglomerates
78,2009 STX중공업 지속가능경영보고서,2009.01~2009.12,2010,Other
79,2009 Sustainability Report,2007.01~2009.12,2010,Financial Services
80,2009 Sustainability Report,2008.01~2008.12,2009,백화점
81,2009 대한항공 지속가능성 보고서,2008.01~2008.12,2009,Aviation
82,2009 사회적 책임 보고서,2008.01~2009.06,2009,Telecommunications
83,2009 아모레퍼시픽 지속가능성 보고서,2009.01~2009.12,2010,Household and Personal Products
84,2009 지속가능경영 보고서,2006.04~2009.03,2010,Financial Services
85,2009 지속가능경영 보고서,2008.01~2008.12,2010,은행
86,2009 지속가능경영 보고서,2009.01~2009.12,2010,Energy
87,2009 지속가능경영보고서 Happy Life! Happy Energy!,2008.01~2009.12,2010,Energy
88,2009 지속가능경영보고서,2008.01~2008.12,2009,Public Agency
89,2009 지속가능경영보고서,2009.01~2009.12,2010,Consumer Durables
90,2009 지속가능경영보고서,2009.01~2009.12,2010,Household and Personal Products
91,2009 지속가능경영보고서,2009.01~2009.12,2010,Technology Hardware
92,2009 지속가능경영보고서,2009.01~2009.12,2010,은행
93,2009 지속가능경영보고서,2009.01~2009.12,2010,조선
94,2009 지속가능경영보고서,2009.01~2009.12,2010,종합식품
95,2009 지속가능성 보고서 Korea EAST WEST Power,2008.01~2008.12,2010,Energy
96,2009 지속가능성 보고서,2008.01~2008.12,2009,화장품
97,2009 지속가능성 보고서,2009.01~2009.12,2010,Chemicals
98,2009 지속가능성 보고서,2009.01~2009.12,2010,Conglomerates
99,2009 지속가능성 보고서,2009.01~2009.12,2010,Telecommunications
100,2009 지속가능희망보고서,2009.01~2009.12,2010,Non-Profit&Services
101,2009 지속경영보고서,2008.01~2008.12,2009,전기&전자 부품
102,2009 페더럴익스프레스코리아 글로벌기업시민보고서,2008.01~2008.12,2009,Logistics
103,2009 풀무원 지속경영보고서,2009.01~2009.12,2010,Food and Beverage Products
104,2009 한국산업단지공단 사회책임경영보고서,2009.01~2009.12,2010,SOC시설관리
105,2009 홈플러스 지속가능성보고서,2008.03~2009.02,2010,할인점
106,2009-2010 지속가능경영보고서,2009.01~2009.12,2010,Consumer Durables
107,2009년 지속가능성 보고서,2009.01~2009.12,2010,환경가전
108,2009지속가능경영보고서,2008.01~2008.12,2009,Energy
109,2010 NanoEnTek CreActive Report,2010.01~2010.12,2012,생활용품
110,2010 SK에너지 지속가능성보고서,2010.01~2010.12,2012,석유 및 가스
111,2010 STX중공업 지속가능경영보고서,2010.01~2010.12,2012,Other
112,2010 STX팬오션 지속가능경영보고서,2010.01~2010.12,2011,종합식품
113,2010 국립공원관리공단 지속가능성 보고서,2008.01~2010.12,2011,Public Agency
114,2010 대한항공 지속가능성 보고서,2009.01~2009.12,2010,Aviation
115,2010 두산인프라코어 지속가능경영보고서,2010.01~2010.12,2011,Constructions Materials
116,신한금융 2010 사회책임보고서,2010.01~2010.12,2011,Financial Services
117,2010 스포츠토토 사회책임보고서,2010.01~2010.12,2011,Tourism&Leisure
118,2010 아시아나항공 지속가능성 보고서,2009.01~2009.12,2010,Aviation
119,2010 장애인고용공단 지속가능경영보고서,2010.01~2010.12,2011,Public Agency
120,2010 지속가능경영 보고서 Korea EAST WEST Power,2009.01~2009.12,2010,Energy
121,2010 지속가능경영 보고서,2009.01~2009.12,2010,전기&전자 부품
122,2010 지속가능경영보고서 STX Metal,2010.01~2010.12,2012,Metals Products
123,2010 지속가능경영보고서 STX Offshore & Shipbuilding,2010.01~2010.12,2011,조선
124,2010 지속가능경영보고서,2007.01~2009.12,2010,"철도,지하철"
125,2010 지속가능경영보고서,2007.01~2009.12,2011,Energy
126,2010 지속가능경영보고서,2008.01~2010.06,2011,Technology Hardware
127,2010 지속가능경영보고서,2010.01~2010.12,2012,Public Agency
128,2010 지속가능사회를 위한 한국여성재단 연차보고서,2010.01~2010.12,2011,Non-Profit&Services
129,2010 지속가능성 보고서 THE ROAD TO SUSTAINABILITY,2009.01~2009.12,2010,Automotive
130,2010 지속가능성보고서,2009.01~2009.12,2011,백화점
131,2010 지속가능성보고서,2010.01~2010.12,2011,Energy
132,2010 포스코특수강 지속가능성보고서,2010.01~2010.12,2011,Metals Products
133,2010 하나은행 지속가능성보고서,2010.01~2010.12,2011,은행
134,2010 한전KPS 지속가능경영보고서,2009.01~2010.12,2012,종합식품
135,2010-2011 SAMSUNG LIFE INSURANCE SUSTAINABILITY REPORT,2010.04~2011.03,2012,Financial Services
136,2010-2011 현대엔지니어링 지속가능경영보고서,2010.01~2011.12,2012,Construction
137,2010~11 홈플러스 지속가능성보고서,2010.03~2011.02,2012,할인점
138,2011 Korean Air Sustainablility Report,2010.01~2010.12,2012,Aviation
139,2011 KORES Sustainability Value Report,2010.01~2010.12,2012,Public Agency
140,2011 KOTRA 지속가능경영보고서,2011.01~2011.12,2012,Public Agency
141,2011 KSPO 지속가능보고서,2011.01~2011.12,2012,Public Agency
142,2011 kt 지속가능경영보고서,2010.01~2010.12,2011,Telecommunications
143,2011 LG이노텍 지속가능보고서 BETTER TOMORROW,2010.01~2010.12,2012,Technology Hardware
144,2011 SK Telecom 지속가능경영보고서,2011.01~2011.12,2012,Telecommunications
145,2011 SK이노베이션 지속가능성보고서,2011.01~2011.12,2012,Energy
146,2011 STX그룹 지속가능경영 보고서,2011.1~2011.12,2012,Conglomerates
147,2011 STX에너지 지속가능경영보고서,2011.01~2011.12,2012,Energy
148,2011 STX중공업 지속가능경영보고서,2011.01~2011.12,2012,Other
149,2011 국립공원관리공단 지속가능성보고서,2009.01~2011.12,2012,Public Agency
150,2011 두산인프라코어 지속가능경영보고서,2011.01~2011.12,2012,Constructions Materials
151,2011 두산중공업 지속가능경영보고서,2011.01~2011.12,2012,Constructions Materials
152,2011 사립학교교직원연금공단 지속가능경영보고서,2010.01~2011.06,2011,Financial Services
153,2011 삼성엔지니어링 지속가능경영보고서,2011.01~2011.12,2012,Construction
154,2011 신한금융그룹 사회책임보고서,2011.01~2011.12,2012,Financial Services
155,2011 아세아시멘트 지속가능경영보고서,2011.01~2011.12,2012,Other
156,2011 아시아나항공 지속가능성 보고서,2010.01~2010.12,2011,Aviation
157,2011 에쓰-오일 지속가능성보고서,2011.01~2011.12,2012,Energy
158,2011 인선이엔티 지속가능경영보고서,2010.01~2011.12,2013,"철도,지하철"
159,2011 인천국제공항공사 사회책임경영보고서,2010.01~2010.12,2011,Public Agency
160,2011 중부발전 지속가능경영보고서,2009.01~2010.12,2012,Energy
161,2011 지속가능경영보고서 Korea EAST WEST Power,2010.01~2010.12,2012,Energy
162,2011 지속가능경영보고서,2010.01~2010.12,2012,Public Agency
163,2011 지속가능성보고서,2010.01~2010.12,2012,백화점
164,2011 지속가능성보고서,2011.01~2011.12,2012,Conglomerates
165,2011 포스코특수강 지속가능성보고서,2011.01~2011.01,2012,Metals Products
166,2011 풀무원 지속경영보고서,2011.01~2011.12,2012,Food and Beverage Products
167,2011 한국환경공단 지속가능경영보고서,2010.01~2011.12,2012,Public Agency
168,2011 호남석유화학 지속가능경영보고서,2011.01~2011.12,2012,Chemicals
169,2011-2012 LG디스플레이 지속가능경영보고서,2011.01~2011.12,2012,Equipment
170,2011-2012 지속가능경영보고서,2011.01~2011.12,2012,Consumer Durables
171,2011-2012 한국교직원공제회 지속가능경영보고서,2011.01~2012.12,2014,Others
172,2011~12 교통안전공단 지속가능경영보고서,2010.01~2012.12,2013,Public Agency
173,2011~12 홈플러스 지속가능성보고서,2011.03~2012.02,2013,할인점
174,2011~2012 지식경제부 지속가능보고서,2011.01~2011.12,2013,"철도,지하철"
175,2011~2012 한국광해관리공단 지속가능경영보고서,2011.01~2011.12,2012,Public Agency
176,2011~2012 한국마이크로소프트 기업시민활동 보고서,2011.01~2012.12,2013,Computers
177,2011년 웅진씽크빅 지속가능경영 보고서,2011.01~2011.12,2012,환경가전
178,2012 aT Sustainability Report,2012.01~2012.12,2013,Public Agency
179,2012 KB금융그룹 지속가능경영보고서,2012.01~2012.12,2013,Financial Services
180,2012 KEPCO E&C 지속가능경영보고서,2012.01~2012.12,2013,Energy Utilities
181,2012 KORAIL 지속경영보고서,2012.01~2012.12,2013,Railroad
182,2012 KOTRA 지속가능경영보고서,2012.01~2012.12,2013,Public Agency
183,2012 KSPO 지속가능보고서,2012.01~2012.12,2014,Public Agency
184,2012 LG생활건강 CSR보고서,2012.01~2012.12,2013,Household and Personal Products
185,2012 LG이노텍 지속가능성보고서,2011.01~2011.12,2013,Technology Hardware
186,2012 LS엠트론 지속가능경영 보고서 Vol.04,2012.01~2012.12,2013,Technology Hardware
187,2012 SAMSUNG ENGINEERING SUSTAINABILITY REPORT,2012.01~2012.12,2013,Construction
188,2012 SK C&C 지속가능경영보고서,2011.01~2011.12,2012,Commercial Service
189,2012 SK Telecom Integrated Sustainability Report,2012.01~2012.12,2013,Telecommunications
190,2012 Sustainability Report,2012.01~2012.12,2013,Energy Utilities
191,2012 강원랜드 지속가능경영보고서,2011.01~2011.12,2012,Tourism&Leisure
192,2012 국민연금 사회책임경영보고서,2011.01~2011.12,2012,Public Agency
193,2012 근로복지공단 지속가능경영보고서,2012.01~2012.12,2014,Public Agency
194,2012 금호타이어 지속가능성보고서,2012.01~2012.12,2013,Others
195,2012 대한주택보증 지속가능경영보고서,2012.01~2012.12,2013,Public Agency
196,2012 대한항공 지속가능성 보고서,2011.01~2011.11,2012,Aviation
197,2012 두산인프라코어 통합보고서,2012.01~2012.12,2013,Constructions Materials
198,2012 두산중공업 통합보고서,2012.01~2012.12,2013,Constructions Materials
199,2012 롯데쇼핑 지속가능성보고서,2011.01~2011.12,2012,백화점
200,2012 미래에셋증권 지속가능경영보고서,2011.01~2011.12,2012,Financial Services
201,2012 사립학교교직원연금공단 지속가능경영보고서,2011.01~2012.06,2013,Financial Services
202,2012 사회책임경영보고서,2011.01~2011.12,2013,Household and Personal Products
203,2012 삼성생명 통합보고서,2012.04~2013.03,2013,Financial Services
204,2012 삼성증권 보고서,2012.01~2012.12,2013,Financial Services
205,2012 스포츠토토 사회책임보고서,2012.01~2012.12,2013,Tourism&Leisure
206,2012 신한금융그룹 사회책임보고서,2010.01~2012.12,2013,Financial Services
207,2012 아모레퍼시픽 지속가능성보고서,2012.01~2012.12,2013,Household and Personal Products
208,2012 에쓰-오일 지속가능성보고서,2012.01~2012.12,2013,Energy
209,2012 우체국 물류지원단 지속가능경영 보고서,2012.01~2012.12,2013,Logistics
210,2012 울산항만공사 지속가능경영보고서,2012.01~2012.12,2013,Public Agency
211,2012 인천광역시 지속가능성보고서,2012.01~2012.12,2014,Other
212,2012 인천국제공항공사 사회책임경영보고서,2011.01~2011.12,2012,Public Agency
213,2012 지속가능경영 보고서 (LH),2009.10~2011.12,2013,Public Agency
214,2012 지속가능경영보고서,2011.01~2011.12,2012,Consumer Durables
215,2012 지속가능경영보고서,2011.01~2011.12,2013,Energy
216,2012 지속가능성보고서,2011.01~2011.12,2012,Automotive
217,2012 코웨이 통합보고서,2012.01~2012.12,2013,Household and Personal Products
218,2012 팬택 지속가능경영보고서,2012.01~2012.12,2014,Technology Hardware
219,2012 포스코 지속가능성보고서,2012.01~2012.12,2013,Conglomerates
220,2012 풀무원 지속경영보고서,2012.01~2012.12,2013,Food and Beverage Products
221,2012 하나금융그룹 지속가능경영보고서,2012.01~2012.12,2013,Financial Services
222,2012 한국감정원 지속가능경영보고서,2012.01~2012.12,2013,Public Agency
223,2012 한국건설기술연구원 지속가능경영보고서,2009.01~2011.12,2012,Other
224,2012 한국공항공사 지속가능경영보고서,2011.01~2011.12,2013,Public Agency
225,2012 한국광해관리공단 지속가능경영보고서,2012.01~2012.12,2013,Public Agency
226,2012 한국전자통신연구원 지속가능경영보고서,2009.01~2011.12,2012,Other
227,2012 한국환경공단 지속가능경영보고서,2012.01~2012.12,2013,Public Agency
228,2012 한전KPS 지속가능경영보고서,2011.01~2012.12,2013,Energy
229,2012 해양환경관리공단 지속가능경영보고서,2012.01~2012.12,2013,Public Agency
230,2012 효성 지속가능경영보고서,2012.01~2012.12,2013,환경가전
231,2012-2013 LG Display 지속가능경영보고서,2012.01~2012.12,2013,Equipment
232,2012-2013 LG전자 지속가능경영보고서,2012.01~2012.12,2013,Consumer Durables
233,2012-2013 교통안전공단 지속가능경영보고서,2012.1~2013.12,2014,Public Agency
234,2012-2013 한국지질자원연구원 지속가능경영보고서,2010.01~2012.12,2014,Public Agency
235,2012&#12539;2013 지속가능경영보고서,2012.01~2012.12,2013,Public Agency
236,2012~2013 KSA 지속가능성보고서,2011.1~2012.12,2020,Other
237,2012~2013 인천광역시 부평구 지속가능성 보고서,2012.01~2013.12,2014,Public Agency
238,2012~2013 한국마이크로소프트 기업시민활동 보고서,2011.07~2013.06,2014,Computers
239,2012~2013 현대엔지니어링 지속가능경영보고서,2012.01~2013.12,2014,Construction
240,2012~2013 현대해상화재보험 지속가능성 보고서,2012.04~2013.12,2014,Financial Services
241,2013 (주)두산 CSR 보고서,2013.01~2013.12,2014,Conglomerates
242,2013 coway SUSTAINABILITY report,2013.01~2013.12,2014,Household and Personal Products
243,2013 Doosan Engine CSR Report,2013.01~2013.12,2014,Other
244,2013 Doosan Infracore Integrated Report,2013.01~2013.12,2014,Constructions Materials
245,2013 Hyundai Engineering & Construction Sustainability Report,2012.01~2012.12,2013,Construction
246,2013 KB금융그룹 지속가능경영보고서,2013.1~2013.12,2014,Financial Services
247,2013 KC그린홀딩스 지속가능경영보고서,2012.01~2012.12,2013,Energy Utilities
248,2013 KOMIPO 지속가능경영보고서,2011.01~2012.12,2014,Energy
249,2013 kt 지속가능경영보고서,2012.01~2012.12,2013,Telecommunications
250,2013 LG Innotek Sustainability Report,2012.01~2012.12,2013,Technology Hardware
251,2013 LG생활건강CSR 보고서,2013.01~2013.12,2014,Household and Personal Products
252,2013 LG화학 지속가능경영보고서,2013.01~2013.12,2014,Chemicals
253,2013 LS엠트론 지속가능경영보고서 Vol.05,2013.01~2013.12,2014,Technology Hardware
254,2013 LS전선 지속가능경영보고서,2013.01~2013.12,2014,Energy Utilities
255,2013 OCI 지속가능경영보고서,2013.1~2013.12,2014,Chemicals
256,2013 Samsung Engineering Sustainability Report,2013.01~2013.12,2014,Construction
257,2013 강원랜드 지속가능경영보고서,2012.01~2012.12,2014,Tourism&Leisure
258,2013 국민연금 사회책임경영보고서,2012.01~2012.12,2014,Public Agency
259,2013 근로복지공단 지속가능경영보고서,2013.1~2013.12,2014,Public Agency
260,2013 대한주택보증 지속가능경영보고서,2013.01~2013.12,2014,Public Agency
261,2013 대한항공 지속가능성 보고서,2012.01~2012.12,2013,Aviation
262,2013 두산건설 CSR 보고서,2013.01~2013.12,2014,Construction
263,2013 두산중공업 통합보고서,2013.01~2013.12,2014,Constructions Materials
264,2013 롯데쇼핑 지속가능성보고서,2012.01~2012.12,2014,Commercial Service
265,2013 사회적책임보고서,2013.01~2013.12,2014,Non-Profit&Services
266,2013 삼성생명 지속가능경영보고서,2013.01~2013.12,2014,Financial Services
267,2013 삼성자산운용 지속가능경영보고서,2012.01~2012.12,2013,Financial Services
268,2013 삼성증권 보고서,2013.04~2013.12,2014,Financial Services
269,2013 신한금융그룹 사회책임보고서,2013.01~2013.12,2014,Financial Services
270,2013 아모레퍼시픽 지속가능성 보고서,2013.01~2013.12,2014,Household and Personal Products
271,2013 아시아나항공 지속가능성보고서,2012.01~2012.12,2013,Aviation
272,2013 아이들과미래 연차보고서,2013.1~2013.12,2014,Non-Profit&Services
273,2013 애경 환경보고서,2000.01~2012.12,2013,Household and Personal Products
274,2013 우체국물류지원단 지속가능경영보고서,2013.1~2013.12,2014,Logistics
275,2013 울산항만공사 지속가능경영보고서,2013.01~2013.12,2014,Public Agency
276,2013 유한킴벌리 사회책임경영보고서,2012.01~2012.12,2013,Household and Personal Products
277,2013 인천국제공항공사 사회책임경영보고서,2012.01~2012.12,2013,Public Agency
278,2013 제일기획 지속가능경영보고서,2013.1~2013.12,2014,Commercial Service
279,2013 지속가능사회를 위한 한국여성재단 연차보고서,2013.01~2013.12,2014,Non-Profit&Services
280,2013 지속가능성 보고서,2013.01~2013.12,2014,Technology Hardware
281,2013 포스코켐텍 지속가능경영보고서,2013.1~2013.12,2014,Chemicals
282,2013 하나금융그룹 지속가능경영보고서,2013.01~2013.12,2014,Financial Services
283,2013 한국공항공사 지속가능경영보고서,2012.01~2012.12,2013,Public Agency
284,2013 한국농수산식품유통공사,2013.1~2013.12,2014,Public Agency
285,2013 한국수자원공사 지속가능경영보고서,2012.01~2012.12,2013,Energy
286,2013 한국환경공단 지속가능경영보고서,2013.01~2013.12,2014,Public Agency
287,2013 해양환경관리공단지속가능경영보고서,2013.01~2013.12,2014,Public Agency
288,2013-2014 LG Display 지속가능경영보고서,2013.01~2013.12,2014,Equipment
289,2013-2014 LG상사 지속가능경영 보고서,2013.1~2013.12,2014,Commercial Service
290,2013-2014 LG전자 지속가능경영보고서,2013.01~2013.12,2014,Consumer Durables
291,2013-2014 도레이케미칼 지속가능경영보고서,2013.1~2013.12,2014,Chemicals
292,2013-2014 한국마이크로소프트 기업시민활동 보고서,2013.07~2014.06,2015,Computers
293,2013년 스포츠토토 사회책임보고서,2013.01~2013.12,2014,Tourism&Leisure
294,2013년 풀무원 지속경영보고서,2013.01~2013.12,2014,Food and Beverage Products
295,2014 ㈜두산 CSR 보고서,2014.01~2014.12,2015,Conglomerates
296,2014 ~ 2015 금호타이어 지속가능성보고서,2014.01~2014.12,2015,Others
297,2014 ~ 2015 한국광해관리공단 지속가능경영보고서,2013.01~2014.12,2016,Public Agency
298,2014 COWAY SUSTAINABILITY REPORT,2014.1~2014.12,2015,Household and Personal Products
299,2014 Doosan Engine CSR Report,2014.1~2014.12,2015,Other
300,2014 Doosan Infracore Integrated Report,2014.1~2014.12,2015,Constructions Materials
301,2014 DSME Sustainability Report,2013.01~2013.12,2014,Other
302,2014 K-sure 지속가능경영보고서,2013.1~2013.12,2014,Public Agency
303,2014 KB금융그룹 지속가능경영보고서,2014.01~2014.12,2015,Financial Services
304,2014 KCC 지속가능성보고서,2014.01~2014.12,2015,Constructions Materials
305,2014 KEPCO E&C 지속가능경영보고서,2013.01~2014.12,2015,Energy Utilities
306,2014 KOGAS Sustainability Report,2014.01~2014.12,2015,Public Agency
307,2014 KORAIL 지속경영보고서,2014.01~2014.12,2015,Railroad
308,2014 KOTRA 통합 지속가능경영 보고서,2014.01~2014.12,2015,Public Agency
309,2014 LG생활건강 CSR 보고서,2014.01~2014.12,2015,Household and Personal Products
310,2014 LG이노텍 지속가능경영보고서,2013.01~2013.12,2014,Technology Hardware
311,2014 LS산전 지속가능경영보고서,2014.01~2014.12,2015,Metals Products
312,2014 LS엠트론 지속가능경영 보고서,2014.01~2014.12,2015,Technology Hardware
313,2014 LS전선 지속가능경영보고서,2014.01~2014.12,2015,Energy Utilities
314,2014 OCI 지속가능경영보고서,2014.1~2014.12,2015,Chemicals
315,2014 POSCO CHEMITECH SUSTAINABILITY REPORT,2014.01~2014.12,2015,Chemicals
316,2014 SAMSUNG ENGINEERING SUSTAINABILITY REPORT,2014.01~2014.12,2015,Construction
317,2014 SK C&C 지속가능경영보고서,2012.01~2013.12,2014,Commercial Service
318,2014 soulbrain 지속가능경영보고서,2013.1~2013.12,2014,Technology Hardware
319,2014 근로복지공단 지속가능경영보고서,2014.01~2014.12,2015,Public Agency
320,2014 기아자동차 지속가능보고서,2011.01~2013.12,2014,Automotive
321,2014 대신증권 지속가능보고서,2011.1~2013.12,2014,Financial Services
322,2014 대한항공 지속가능성 보고서,2013.1~2013.12,2014,Aviation
323,2014 두산건설 CSR 보고서,2014.1~2014.12,2015,Construction
324,2014 두산중공업 통합보고서,2014.1~2014.12,2015,Constructions Materials
325,2014 미래에셋증권 지속가능경영보고서,2013.01~2013.12,2014,Financial Services
326,2014 벡스코 지속가능경영보고서,2014.1~2014.12,2015,Others
327,2014 부산항만공사 지속가능경영보고서,2014.01~2014.12,2015,Public Agency
328,2014 삼성물산 지속가능경영보고서,2013.01~2013.12,2014,Construction
329,2014 삼성생명 지속가능경영 보고서,2014.01~2014.12,2015,Financial Services
330,2014 삼성증권 보고서,2014.1~2014.12,2015,Financial Services
331,2014 신한금융그룹 사회책임보고서,2014.01~2014.12,2015,Financial Services
332,2014 아모레퍼시픽그룹 지속가능성 보고서,2014.01~2014.12,2015,Household and Personal Products
333,2014 아세아시멘트 지속가능경영보고서,2012.1~2013.12,2014,Other
334,2014 애경 환경보고서,2000.01~2014.12,2015,Household and Personal Products
335,2014 우정사업본부 연차보고서,2014.01~2014.12,2015,Logistics
336,2014 우체국물류지원단 지속가능경영 보고서,2014.01~2014.12,2015,Logistics
337,2014 인천국제공항공사 사회책임경영보고서,2013.01~2013.12,2014,Public Agency
338,2014 지속가능사회를 위한 한국여성재단 연차보고서,2014.01~2014.12,2015,Non-Profit&Services
339,2014 포스코에너지 지속가능경영보고서,2014.01~2014.12,2015,Energy
340,2014 풀무원 Annual Report,2014.1~2014.12,2015,Food and Beverage Products
341,2014 하나금융그룹 지속가능경영보고서,2014.01~2014.12,2015,Financial Services
342,2014 한국건설기술연구원 지속가능경영보고서,2012.1~2013.12,2014,Other
343,2014 한국공항공사 지속가능경영보고서,2013.01~2013.12,2014,Public Agency
344,2014 한국남부발전 지속가능경영보고서,2013.01~2014.12,2015,Energy
345,2014 한국농수산식품유통공사 지속가능경영 보고서,2014.1~2014.12,2015,Public Agency
346,2014 한국농어촌공사 지속가능경영보고서,2012.01~2013.12,2014,Public Agency
347,2014 한국보훈복지의료공단 지속가능경영보고서,2014.01~2014.12,2015,Public Agency
348,2014 한국석유공사 지속가능경영보고서,2012.1~2013.12,2014,Public Agency
349,2014 한국전자통신연구원 지속가능경영보고서,2012.1~2013.12,2014,Other
350,2014 한국환경공단 지속가능경영보고서,2014.01~2014.12,2015,Public Agency
351,2014 한전KPS 지속가능경영보고서,2013.01~2014.12,2015,Energy
352,2014 한화케미칼 지속가능성보고서,2013.01~2013.12,2014,Chemicals
353,2014 현대건설 지속가능경영보고서,2013.01~2013.12,2014,Construction
354,2014 현대모비스 지속가능성보고서,2013.01~2013.12,2014,Equipment
355,2014-2015 LG상사 지속가능경영 보고서,2014.01~2014.12,2015,Commercial Service
356,2014-2015 LG이노텍 지속가능경영보고서,2014.01~2014.12,2015,Technology Hardware
357,2014-2015 LG전자 지속가능경영보고서,2014.1~2014.12,2015,Consumer Durables
358,2014-2015 한국임업진흥원 지속가능경영보고서,2015.01~2015.12,2016,Public Agency
359,2014-2015 현대엔지니어링 지속가능경영보고서,2014.1~2015.12,2016,Construction
360,2014아시아나항공 지속가능성보고서,2013.1~2013.12,2014,Aviation
361,2015 (주)두산 CSR 보고서,2015.1~2015.12,2016,Conglomerates
362,2015 Annual Report+Sustainability Report,2015.1~2015.12,2016,Energy Utilities
363,2015 Doosan Engine CSR Report,2015.01~2015.12,2016,Other
364,2015 Doosan Infracore Integrated Report,2015.1~2015.12,2016,Constructions Materials
365,2015 Fuji Xerox Korea Sustainability Report,2014.04~2015.03,2015,Technology Hardware
366,2015 KB금융그룹 지속가능경영보고서,2015.01~2015.12,2016,Financial Services
367,2015 KCC 지속가능성보고서,2015.01~2015.12,2016,Constructions Materials
368,2015 KOMIPO 지속가능경영보고서,2013.1~2014.12,2015,Energy
369,2015 KORAIL 지속가능경영보고서,2015.01~2015.12,2016,Railroad
370,2015 KOTRA 지속가능경영&인권경영보고서,2015.1~2015.12,2016,Public Agency
371,2015 LG생활건강 CSR 보고서,2015.1~2015.12,2016,Household and Personal Products
372,2015 LH Sustainability Report,2014.01~2014.12,2015,Public Agency
373,2015 LS엠트론 지속가능경영 보고서 Vol. 07,2015.01~2015.12,2016,Technology Hardware
374,2015 OCI 지속가능경영보고서,2015.01~2015.12,2016,Chemicals
375,2015 SAMSUNG ENGINEERING SUSTAINABILITY REPORT,2015.1~2015.12,2016,Construction
376,2015 SK C&C Sustainability Report,2014.01~2014.12,2015,Commercial Service
377,2015 Sustainabilit Report,2014.1~2014.12,2015,Chemicals
378,2015 근로복지공단 지속가능경영보고서,2015.1~2015.12,2016,Public Agency
379,2015 대신증권 지속가능보고서,2012.1~2014.12,2015,Financial Services
380,2015 대우건설 지속가능경영보고서,2014.01~2014.12,2015,Construction
381,2015 대우조선해양 지속가능경영보고서,2014.01~2014.12,2015,Other
382,2015 대한항공 지속가능성보고서,2014.01~2014.12,2015,Aviation
383,2015 두산건설 CSR 보고서,2015.01~2015.12,2016,Construction
384,2015 롯데쇼핑 지속가능보고서,2014.1~2014.12,2015,백화점
385,2015 롯데정밀화학 지속가능경영보고서,2013.1~2015.12,2016,Chemicals
386,2015 롯데케미칼 지속가능경영보고서,2015.1~2015.12,2016,Chemicals
387,2015 삼성생명 지속가능경영 보고서,2015.1~2015.12,2016,Financial Services
388,2015 삼성중공업 지속가능경영보고서,2015.01~2015.12,2016,Constructions Materials
389,2015 삼성증권 보고서,2015.01~2015.12,2016,Financial Services
390,2015 서울시 NPO지원센터 지속가능성보고서,2015.1~2015.12,2016,Public Agency
391,2015 신한금융그룹 사회책임보고서,2015.01~2015.12,2016,Financial Services
392,2015 아모레퍼시픽 지속가능성 보고서,2015.01~2015.12,2016,Household and Personal Products
393,2015 아시아나항공 지속가능성보고서,2014.01~2014.12,2015,Aviation
394,2015 아이들과미래 연차보고서,2015.1~2015.1,2016,Non-Profit&Services
395,2015 애경산업(주) 지속가능경영보고서,2014.1~2014.12,2015,Household and Personal Products
396,2015 여성환경연대 지속가능성보고서,2015.1~2015.12,2016,Non-Profit&Services
397,2015 우체국물류지원단 지속가능경영 보고서,2015.1~2015.12,2016,Logistics
398,2015 울산항만공사 지속가능경영보고서,2015.01~2015.12,2016,Public Agency
399,2015 원광대학교 지속가능경영보고서,2015.01~2015.12,2016,Universities
400,2015 지속가능경영보고서,2012.1~2014.12,2015,Healthcare Products
401,2015 지속가능경영보고서,2015.01~2015.12,2016,Public Agency
402,2015 지속가능사회를 위한 한국여성재단 연차보고서,2015.1~2015.12,2016,Non-Profit&Services
403,2015 풀무원 통합보고서,2015.01~2015.12,2016,Food and Beverage Products
404,2015 하나금융그룹 지속가능경영보고서,2015.01~2015.12,2016,Financial Services
405,2015 한국공항공사 지속가능경영보고서,2014.01~2014.12,2015,Public Agency
406,2015 한국농어촌공사 지속가능경영 이행보고서,2014.01~2014.12,2016,Public Agency
407,2015 한국보훈복지의료공단 지속가능경영보고서,2015.1~2015.12,2016,Public Agency
408,2015 한국장애인재단 지속가능성보고서,2014.01~2014.12,2015,Public Agency
409,2015 한국전력공사 지속가능경영보고서,2014.01~2014.12,2015,Energy
410,2015 한살림성남용인 지속가능보고서,2015.1~2015.12,2016,Agriculture
411,2015 현대건설 지속가능경영보고서,2014.1~2014.12,2015,Construction
412,2015-2016 LG디스플레이 지속가능경영 보고서,2015.1~2015.12,2016,Equipment
413,2015-2016 LG상사 지속가능경영 보고서,2015.1~2016.3,2016,Commercial Service
414,2015-2016 LG이노텍 지속가능경영보고서,2015.01~2015.12,2016,Technology Hardware
415,2015-2016 LG전자 지속가능경영보고서,2015.1~2015.12,2016,Consumer Durables
416,2015-2016 LS산전 지속가능경영보고서,2015.1~2015.12,2016,Metals Products
417,2015-2016 지속가능경영보고서,2015.1~2016.12,2017,Others
418,2015-2016 한국가스안전공사 지속가능경영보고서,2015.1~2016.12,2017,Public Agency
419,2015-2016 현대해상화재보험 지속가능성 보고서,2015.1~2016.12,2017,Financial Services
420,2016 (주)두산 CSR 보고서,2016.1~2016.12,2017,Conglomerates
421,2016 Annual & CSR Report,2015.1~2015.12,2016,Household and Personal Products
422,2016 BEXCO 지속가능경영보고서,2015.1~2016.12,2017,Others
423,2016 Doosan Engine CSR Report,2016.1~2016.12,2017,Other
424,2016 INTEGRATED REPORT,2015.1~2015.12,2016,Constructions Materials
425,2016 KB금융그룹 지속가능경영보고서,2016.1~2016.12,2017,Financial Services
426,2016 KB증권 지속가능경영보고서,2016.1~2016.12,2017,Financial Services
427,2016 KORAIL 지속가능경영 보고서,2016.1~2016.12,2017,Railroad
428,2016 KOTRA 지속가능경영 & 인권경영 보고서,2016.1~2016.12,2017,Public Agency
429,2016 KSS해운 지속가능경영보고서,2013.1~2015.12,2016,Others
430,2016 LG생활건강 CSR 보고서,2016.1~2016.12,2017,Household and Personal Products
431,2016 LH Sustainability Report,2015.01~2015.12,2016,Public Agency
432,2016 OCI 지속가능경영보고서,2016.1~2016.12,2017,Chemicals
433,2016 SAMSUNG ENGINEERING SUSTAINABILITY REPORT,2016.1~2016.12,2017,Construction
434,2016 SK주식회사 지속가능경영보고서,2015.01~2015.12,2016,Conglomerates
435,2016 Sustainability Report,2015.1~2015.12,2016,Chemicals
436,2016 W-ing 지속가능성보고서,2016.1~2016.12,2017,Non-Profit&Services
437,2016 강원랜드 지속가능경영 보고서,2016.1~2016.12,2017,Tourism&Leisure
438,2016 과학기술인공제회 지속가능경영보고서,2016.1~2016.12,2017,Financial Services
439,2016 국민체육진흥공단 지속가능보고서,2016.1~2016.11,2017,Public Agency
440,2016 근로복지공단 사회책임경영보고서,2016.1~2016.12,2017,Public Agency
441,2016 녹색연합 지속가능 보고서,2016.1~2016.12,2017,Non-Profit&Services
442,2016 대신증권 지속가능경영보고서,2013.1~2016.12,2016,Financial Services
443,2016 대우건설 지속가능경영보고서,2015.01~2015.12,2016,Construction
444,2016 대한항공 지속가능성 보고서,2015.1~2015.12,2016,Aviation
445,2016 두산건설 CSR 보고서,2016.1~2016.12,2017,Construction
446,2016 두산중공업 통합보고서,2016.1~2016.12,2017,Constructions Materials
447,2016 롯데정밀화학 지속가능경영보고서,2014.1~2016.12,2017,Chemicals
448,2016 미래에셋증권 지속가능경영보고서,2015.1~2015.12,2016,Financial Services
449,2016 법무법인 지평 사회책임 보고서,2016.1~2016.12,2017,Other
450,2016 삼성생명 지속가능경영 보고서,2016.1~2016.12,2017,Financial Services
451,2016 서울시NPO지원센터 지속가능성보고서,2016.1~2016.12,2017,Public Agency
452,2016 아모레퍼시픽그룹 지속가능성 보고서,2016.1~2016.12,2017,Household and Personal Products
453,2016 아세아시멘트 지속가능경영보고서,2014.1~2015.12,2016,Other
454,2016 아시아나항공 지속가능성보고서,2015.1~2015.12,2016,Aviation
455,2016 안산시 지속가능성보고서,2015.01~2015.12,2016,Public Agency
456,2016 인천경제자유구역청 지속가능성보고서,2016.1~2016.12,2017,Other
457,2016 인천국제공항공사 사회책임경영보고서,2015.01~2015.12,2016,Public Agency
458,2016 지속가능사회를 위한 한국여성재단 연차보고서,2016.1~2016.12,2017,Non-Profit&Services
459,2016 코웨이 지속가능경영보고서,2016.1~2016.12,2017,Household and Personal Products
460,2016 포스코강판 지속가능보고서,2016.1~2016.12,2017,Constructions Materials
461,2016 하나금융그룹 지속가능경영보고서,2016.1~2016.12,2017,Financial Services
462,2016 한국공항공사 지속가능경영보고서,2015.1~2015.12,2016,Public Agency
463,2016 한국광물자원공사 지속가능경영보고서,2016.1~2016.12,2017,Public Agency
464,2016 한국보훈복지의료공단 지속가능경영보고서,2016.1~2016.12,2017,Public Agency
465,2016 한국임업진흥원 지속가능임업보고서,2016.1~2016.12,2016,Public Agency
466,2016 한국전력공사 지속가능경영보고서,2015.1~2015.12,2016,Energy
467,2016 한국전력기술 지속가능경영 보고서,2015.1~2016.12,2017,Energy Utilities
468,2016 한국조폐공사 지속가능경영보고서,2015.1~2015.12,2016,Public Agency
469,2016 해양환경관리공단 지속가능경영보고서,2016.1~2016.12,2017,Public Agency
470,2016 현대건설 지속가능경영보고서,2015.1~2015.12,2016,Construction
471,2016 현대글로비스 지속가능경영보고서,2015.01~2015.12,2016,Others
472,2016 효성 지속가능경영보고서,2016.1~2016.12,2017,환경가전
473,2016-2017 LG디스플레이 지속가능경영 보고서,2016.1~2016.12,2017,Equipment
474,2016-2017 LG상사 지속가능경영보고서,2016.1~2016.12,2017,Commercial Service
475,2016-2017 LG이노텍 지속가능경영보고서,2016.1~2016.12,2017,Technology Hardware
476,2016-2017 LG전자 지속가능경영보고서,2016.1~2016.12,2017,Consumer Durables
477,2016-2017 LS산전 지속가능경영보고서,2016.1~2016.12,2017,Metals Products
478,2016-2017 금호타이어 지속가능성 보고서,2016.1~2016.12,2017,Others
479,2016-2017 지속가능경영보고서+연차보고서,2016.1~2016.12,2017,Energy Utilities
480,2016~17 KCC 지속가능성 보고서,2016.1~2016.12,2017,Constructions Materials
481,2016~2017 광해관리공단 지속가능경영보고서,2016.1~2016.12,2017,Public Agency
482,2016~2017 한국농수산식품유통공사 지속가능경영보고서,2016.1~2017.12,2018,Public Agency
483,2017 ㈜두산 CSR보고서,2017.1~2017.12,2018,Conglomerates
484,2017 Annual & CSR Report,2016.1~2016.12,2017,Household and Personal Products
485,2017 CSR report,2017.1~2017.12,2018,Healthcare Products
486,2017 HSD Engine CSR Report,2017.1~2017.12,2018,Others
487,2017 Jipyong Duroo Pro Bono CSR Report,2017.1~2016.12,2018,Others
488,2017 KB금융그룹 지속가능경영보고서,2017.1~2017.12,2018,Financial Services
489,2017 KOMIPO 지속가능경영보고서,2015.1~2017.12,2018,Energy
490,2017 KOTRA 지속가능경영 & 인권경영보고서,2017.1~2017.12,2018,Public Agency
491,2017 KT&G Report,2017.1~2017.12,2018,Tobacco
492,2017 LG생활건강 CSR보고서,2017.1~2017.12,2018,Household and Personal Products
493,2017 OCI 지속가능경영보고서,2017.1~2017.12,2018,Chemicals
494,2017 S-Oil 지속가능성보고서,2017.1~2017.12,2018,Energy
495,2017 SK주식회사 지속가능경영보고서,2016.1~2016.12,2017,Conglomerates
496,2017 Sustainability Report,2017.1~2017.12,2018,Construction
497,2017 국민체육진흥공단 지속가능보고서,2017.1~2017.12,2019,Public Agency
498,2017 근로복지공단 사회책임경영보고서,2017.1~2017.12,2018,Public Agency
499,2017 대우건설 지속가능경영보고서,2016.1~2016.12,2017,Construction
500,2017 대한항공 지속가능성 보고서,2016.1~2016.12,2017,Aviation
501,2017 두산건설 CSR 보고서,2017.1~2017.12,2019,Construction
502,2017 두산중공업 통합보고서,2017.1~2017.12,2018,Constructions Materials
503,2017 롯데건설 지속가능경영보고서,2016.1~2016.12,2017,Construction
504,2017 롯데정밀화학 지속가능경영보고서,2017.1~2017.12,2018,Chemicals
505,2017 미래에셋대우 지속가능경영보고서,2014.1~2016.12,2017,Financial Services
506,2017 본그룹 지속가능경영보고서,2016.1~2017.9,2018,Food and Beverage Products
507,2017 삼성SDI 지속가능성보고서,2017.1~2017.12,2018,Commercial Service
508,2017 삼성중공업 지속가능경영보고서,2017.1~2017.12,2018,Constructions Materials
509,2017 삼성화재 지속가능경영보고서,2016.1~2016.12,2017,Financial Services
510,2017 상반기 대신증권 지속가능보고서,2014.1~2017.1,2017,Financial Services
511,2017 서울시NPO지원센터 지속가능성보고서,2017.1~2017.12,2018,Public Agency
512,2017 수원시 지속가능성 보고서,2016.9~2017.12,2018,Non-Profit&Services
513,2017 신영증권 지속가능경영보고서,2017.1~2017.12,2018,Financial Services
514,2017 아모레퍼시픽그룹 지속가능성보고서,2017.1~2017.12,2018,Household and Personal Products
515,2017 원광대학교 지속가능경영보고서,2016.1~2017.12,2018,Universities
516,2017 인천광역시 지속가능성보고서,2017.1~2017.12,2018,Other
517,2017 인천국제공항공사 사회책임경영보고서,2016.1~2016.12,2017,Public Agency
518,2017 지속가능경보고서,2016.1~2016.12,2017,Public Agency
519,2017 지속가능경영보고서,2017.1~2017.12,2018,Other
520,2017 지속가능성 보고서,2016.1~2016.12,2017,Automotive
521,2017 지속가능성 보고서,2017.1~2017.12,2018,Non-Profit&Services
522,2017 충청남도 지속가능성보고서,2014.1~2016.12,2017,Others
523,2017 코웨이 지속가능경영보고서,2017.1~2017.12,2018,Household and Personal Products
524,2017 풀무원 통합보고서,2017.1~2017.12,2018,Food and Beverage Products
525,2017 하나금융그룹 지속가능경영보고서,2017.1~2017.12,2018,Financial Services
526,2017 한국공항공사 지속가능경영보고서,2016.1~2016.12,2017,Public Agency
527,2017 한국연구재단 사회책임경영보고서,2017.1~2017.12,2018,Public Agency
528,2017 한국임업진흥원 지속가능임업보고서,2017.1~2017.12,2018,Public Agency
529,2017 한국철도시설공단 지속가능경영 보고서,2016.1~2016.12,2017,Railroad
530,2017 한국토지주택공사 지속가능경영 보고서,2016.1~2016.12,2017,Public Agency
531,2017 현대건설 지속가능경영보고서,2016.1~2016.12,2017,Construction
532,2017 현대글로비스 통합보고서,2016.1~2016.12,2017,Others
533,2017 현대엘리베이터 지속가능경영보고서,2016.1~2016.12,2017,Equipment
534,2017 현대중공업 통합보고서,2016.1~2016.12,2017,Constructions Materials
535,2017 환경재단 지속가능보고서,2017.1~2017.12,2018,Non-Profit&Services
536,2017-18 KORAIL 지속가능경영보고서,2017.1~2017.12,2018,Railroad
537,2017-2018  지속가능경영보고서,2017.1~2017.12,2018,Consumer Durables
538,2017-2018 LG CNS Sustainability Report,2017.1~2017.12,2018,Commercial Service
539,2017-2018 LG디스플레이 지속가능경영 보고서,2017.1~2017.12,2018,Equipment
540,2017-2018 LG상사 지속가능경영보고서,2017.1~2017.12,2018,Commercial Service
541,2017-2018 LG이노텍 지속가능경영보고서,2017.1~2017.12,2018,Technology Hardware
542,2017-2018 LS산전 지속가능경영보고서,2017.1~2017.12,2018,Metals Products
543,2017-2018 지속가능경영보고서 + 연차보고서,2017.1~2017.12,2018,Energy Utilities
544,2017-2018 포스코케미칼 지속가능경영보고서,2017.1~2018.12,2019,Chemicals
545,2017-2018 한국교직원공제회 지속가능경영보고서,2017.1~2018.12,2019,Others
546,2017-2018 한국보훈복지의료공단 지속가능경영보고서,2017.1~2017.12,2018,Public Agency
547,2017-2019 과학기술인공제회 지속가능경영보고서,2017.1~2019.12,2020,Financial Services
548,2017~18 DGB금융그룹 지속가능경영보고서,2017.1~2017.12,2018,Financial Services
549,2017~18 KCC 지속가능성보고서,2017.1~2017.12,2018,Constructions Materials
550,2017~18 아시아문화원 지속가능경영보고서,2017.1~2018.12,2019,Public Agency
551,2017~18 인천국제공항공사 사회적가치실현보고서,2017.1~2017.12,2018,Public Agency
552,2017~2018 해양환경공단 사회적가치실현보고서,2017.1~2018.6,2018,Public Agency
553,2017년 JB금융그룹 지속가능보고서,2017.1~2017.12,2018,Financial Services
554,2017년 지속가능경영 이행보고서,2016.1~2016.12,2018,Public Agency
555,2018 ㈜두산 CSR 보고서,2018.1~2018.12,2019,Conglomerates
556,2018 BEXCO 지속가능경영보고서,2017.1~2018.12,2019,Others
557,2018 HSD 엔진 CSR 보고서,2018.1~2018.12,2019,Others
558,2018 IBK 기업은행 지속가능경영보고서,2017.1~2017.12,2018,은행
559,2018 KB금융그룹 지속가능경영보고서,2018.1~2018.12,2019,Financial Services
560,2018 KOTRA 지속가능경영 & 인권경영 보고서,2018.1~2018.12,2019,Public Agency
561,2018 KT&G REPORT,2018.1~2018.12,2019,Tobacco
562,2018 LG Chem Sustainability Report,2018.1~2018.12,2019,Chemicals
563,2018 LG생활건강 CSR 보고서,2018.1~2018.12,2019,Household and Personal Products
564,2018 NH투자증권 지속가능경영보고서,2017.1~2017.12,2018,Financial Services
565,2018 OCI 지속가능경영 보고서,2018.1~2018.12,2019,Chemicals
566,2018 S-OIL 지속가능성보고서,2018.1~2018.12,2019,Energy
567,2018 Samsung Engineering Sustainability Report,2018.1~2018.12,2019,Construction
568,2018 SK주식회사 지속가능경영보고서,2017.1~2017.12,2018,Conglomerates
569,2018 SK케미칼 지속가능경영 보고서,2018.1~2018.12,2019,Chemicals
570,2018 국민체육진흥공단 지속가능보고서,2018.1~2018.1,2019,Public Agency
571,2018 금호타이어 지속가능성보고서,2018.1~2018.12,2019,Others
572,2018 대신증권 지속가능경영보고서,2017.1~2017.12,2018,Financial Services
573,2018 대우건설 지속가능경영보고서,2017.1~2017.12,2018,Construction
574,2018 대한항공 지속가능성 보고서,2017.1~2017.12,2018,Aviation
575,2018 도봉구 지속가능발전 보고서,2017.1~2018.12,2019,Public Agency
576,2018 동원그룹 지속가능경영보고서,2015.1~2017.12,2018,Conglomerates
577,2018 두산건설 CSR 보고서,2018.1~2018.12,2019,Construction
578,2018 두산중공업 통합보고서,2018.1~2018.12,2019,Constructions Materials
579,2018 롯데건설 지속가능경영보고서,2017.1~2017.12,2018,Construction
580,2018 롯데정밀화학 지속가능경영보고서,2018.1~2018.12,2019,Chemicals
581,2018 만도 지속가능경영보고서,2018.1~2018.12,2019,Equipment
582,2018 미래에셋대우 통합보고서,2017.1~2017.12,2018,Financial Services
583,2018 삼성SDI 지속가능성보고서,2018.1~2018.12,2019,Commercial Service
584,2018 삼성엔지니어링 지속가능경영보고서,2018.1~2018.12,2019,Construction
585,2018 삼성웰스토리 지속가능경영보고서,2018.1~2018.12,2019,Food and Beverage Products
586,2018 삼성화재 지속가능경영보고서,2017.1~2017.12,2018,Financial Services
587,2018 서울시NPO지원센터 지속가능성보고서,2018.1~2018.12,2019,Public Agency
588,2018 아모레퍼시픽그룹 지속가능성 보고서,2018.1~2018.12,2019,Household and Personal Products
589,2018 아세아시멘트 지속가능경영보고서,2016.1~2017.12,2018,Other
590,2018 우리금융그룹 지속가능경영보고서,2018.1~2018.12,2019,Financial Services
591,2018 울산항만공사 사회책임경영보고서,2017.1~2017.12,2018,Public Agency
592,2018 웅진코웨이 지속가능경영보고서,2018.1~2018.12,2019,Household and Personal Products
593,2018 인천항만공사 지속가능경영 보고서,2018.1~2018.12,2019,Public Agency
594,2018 지속가능성 보고서(정기총회 자료 합본),2018.1~2018.12,2019,Non-Profit&Services
595,2018 지속가능성보고서,2017.1~2017.12,2018,Automotive
596,2018 지평·두루 공익활동·사회책임 보고서,2018.1~2018.12,2019,Other
597,2018 코오롱인더스트리 지속가능경영 보고서,2018.1~2018.12,2019,Chemicals
598,2018 평창 동계올림픽 대회 및 동계패럴림픽대회 지속가능성 미니보고서,2012.1~2016.12,2017,Non-Profit&Services
599,2018 하나금융그룹 지속가능경영보고서,2018.1~2018.12,2019,Financial Services
600,2018 한국공항공사 사회책임경영보고서,2017.1~2017.12,2018,Public Agency
601,2018 한국광물자원공사 지속가능경영보고서,2018.1~2018.12,2019,Public Agency
602,2018 한국국토정보공사 지속가능경영보고서,2017.1~2017.12,2018,Real Estate
603,2018 한국노인인력개발원 사회적 책임경영 보고서,2015.1~2017.12,2018,Public Agency
604,2018 한국바스프 기업보고서,2018.1~2018.12,2019,Chemicals
605,2018 한국여성재단 지속가능성보고서 딸들에게 희망을,2018.1~2018.12,2019,Non-Profit&Services
606,2018 한국임업진흥원 지속가능임업보고서,2018.1~2018.12,2019,Public Agency
607,2018 한국전력기술 지속가능경영보고서,2017.1~2018.12,2019,Energy Utilities
608,2018 한국투자증권 지속가능경영보고서,2017.1~2017.12,2019,Financial Services
609,2018 한국환경공단 지속가능경영보고서,2018.1~2018.12,2019,Public Agency
610,2018 한국환경산업기술원 지속가능경영보고서,2017.1~2018.12,2019,Public Agency
611,2018 한전원자력원료 지속가능경영보고서,2017.1~2018.12,2019,Energy
612,2018 현대건설 지속가능경영보고서,2017.1~2017.12,2018,Construction
613,2018 현대글로비스 지속가능경영보고서,2017.1~2017.12,2018,Others
614,2018 현대엔지니어링 지속가능경영보고서,2018.1~2018.12,2019,Construction
615,2018 현대중공업그룹 통합보고서,2017.1~2017.12,2019,Constructions Materials
616,2018 효성 지속가능경영보고서,2018.1~2018.12,2019,환경가전
617,2018-19 CSR Report Hanmi Sustainability,2018.1~2018.12,2019,Healthcare Products
618,2018-19 KORAIL 지속가능경영보고서,2018.1~2018.12,2019,Railroad
619,2018-19 한국농수산식품유통공사 지속가능경영보고서,2018.1~2019.12,2020,Public Agency
620,2018-2019 LG CNS Sustainability Report,2018.1~2018.12,2019,Commercial Service
621,2018-2019 LG디스플레이 지속가능경영 보고서,2018.1~2018.12,2019,Equipment
622,2018-2019 LG상사 지속가능경영 보고서,2018.1~2018.12,2019,Commercial Service
623,2018-2019 LG이노텍 지속가능경영보고서,2018.1~2018.12,2019,Technology Hardware
624,2018-2019 LG전자 지속가능경영보고서,2018.1~2018.12,2019,Consumer Durables
625,2018-2019 LS산전 지속가능경영보고서,2018.1~2018.12,2019,Metals Products
626,2018-2019 삼성생명 지속가능경영보고서,2018.1~2018.12,2019,Financial Services
627,2018-2019 한국광해관리공단 지속가능경영보고서,2018.1~2018.12,2019,Public Agency
628,2018-2020 국립생태원 제2차 사회적가치경영보고서,2018.1~2020.12,2021,Public Agency
629,2018~19 한국타이어 CSR 보고서,2018.1~2018.12,2019,Consumer Durables
630,2018~19년 지속가능경영보고서,2018.1~2018.12,2019,Constructions Materials
631,2018~2019 인천국제공항공사 사회적가치실현보고서,2018.1~2018.12,2019,Public Agency
632,2018~2019 해양환경공단 사회적가치실현보고서,2018.1~2019.10,2019,Public Agency
633,2018년 JB금융그룹 통합연차보고서,2018.1~2018.12,2019,Financial Services
634,2018년 포스코에너지 기업시민보고서,2018.1~2018.12,2019,Energy
635,2018평창동계올림픽대회 및 장애인동계올림픽대회 지속가능성 기초보고서,2012.1~2014.12,2015,Non-Profit&Services
636,2019 ㈜두산 CSR 보고서,2019.1~2019.12,2020,Conglomerates
637,2019 CJ 제일제당 지속가능경영보고서,2019.1~2019.12,2020,Food and Beverage Products
638,2019 Doosan Infracore Integrated Report,2019.1~2019.12,2020,Constructions Materials
639,2019 IBK기업은행 지속가능경영보고서,2018.1~2018.12,2019,은행
640,2019 K-water 지속가능경영보고서,2018.1~2018.12,2019,Energy
641,2019 KB금융그룹 지속가능경영보고서,2019.1~2019.12,2020,Financial Services
642,2019 KT&G Report,2019.1~2019.12,2020,Tobacco
643,2019 LG Chem Sustainability Report,2019.1~2019.12,2020,Chemicals
644,2019 LG생활건강 CSR 보고서,2019.1~2019.12,2020,Household and Personal Products
645,2019 NPS 지속가능경영보고서,2018.1~2018.12,2019,Public Agency
646,2019 OCI 통합보고서,2019.1~2019.12,2020,Chemicals
647,2019 S-OIL 지속가능성보고서,2019.1~2019.12,2020,Energy
648,2019 Samsung Engineering Sustainability Report,2019.1~2019.12,2020,Construction
649,2019 SK가스 지속가능경영보고서,2019.1~2019.12,2020,석유 및 가스
650,2019 SK주식회사 지속가능경영보고서,2018.1~2018.12,2019,Conglomerates
651,2019 SK케미칼 지속가능경영보고서,2019.1~2019.12,2020,Chemicals
652,2019 SK텔레콤 통합보고서,2019.1~2019.12,2020,Telecommunications
653,2019 강원랜드 지속가능경영보고서,2019.1~2019.12,2020,Tourism&Leisure
654,2019 경기도지속가능발전협의회 지속가능성 보고서,2019.1~2019.12,2020,Non-Profit&Services
655,2019 교보생명 지속가능경영보고서,2019.1~2019.12,2020,Financial Services
656,2019 국제뇌교육협회 지속가능성보고서,2017.1~2018.12,2019,Non-Profit&Services
657,2019 금호석유화학 지속가능경영보고서,2019.1~2019.12,2020,석유화학
658,2019 대신증권 지속가능경영보고서,2018.1~2019.12,2020,Financial Services
659,2019 대우건설 지속가능경영보고서,2018.1~2018.12,2019,Construction
660,2019 대한항공 지속가능성 보고서,2018.1~2018.12,2019,Aviation
661,2019 독립기념관 사회적가치실현 보고서,2019.1~2019.12,2021,Public Agency
662,2019 두산중공업 통합보고서,2019.1~2019.12,2020,Constructions Materials
663,2019 롯데건설 지속가능경영보고서,2018.1~2018.12,2019,Construction
664,2019 롯데정밀화학 지속가능경영보고서,2019.1~2019.12,2020,Chemicals
665,2019 만도 지속가능경영보고서,2019.1~2019.12,2020,Equipment
666,2019 메리츠종금증권 지속가능경영보고서,2018.1~2019.12,2020,Financial Services
667,2019 미래에셋대우 통합보고서,2018.1~2018.12,2019,Financial Services
668,2019 삼성SDI 지속가능성보고서,2019.1~2019.12,2020,Commercial Service
669,2019 삼성물산 CSR 보고서,2018.1~2018.12,2019,Construction
670,2019 삼성전기 지속가능성보고서,2019.1~2019.12,2020,Equipment
671,2019 삼성중공업 지속가능경영보고서,2019.1~2019.12,2020,Constructions Materials
672,2019 삼성증권 통합보고서,2019.1~2019.12,2020,Financial Services
673,2019 삼성화재 지속가능경영보고서,2018.1~2018.12,2019,Financial Services
674,2019 삼일회계법인 지속가능경영보고서,2018.1~2019.6,2019,Other
675,2019 서울시NPO지원센터 지속가능성보고서,2019.1~2019.12,2020,Public Agency
676,2019 신한금융그룹 사회책임보고서,2019.1~2019.12,2020,Financial Services
677,2019 쌍용양회 지속가능경영보고서,2019.1~2019.12,2020,Others
678,2019 아모레퍼시픽그룹 지속가능성 보고서,2019.1~2019.12,2020,Household and Personal Products
679,2019 아시아문화원 지속가능경영보고서,2019.1~2019.12,2019,Public Agency
680,2019 예금보험공사 사회적가치실현보고서,2019.1~2019.12,2020,Public Agency
681,2019 우리금융그룹 지속가능경영보고서,2019.1~2019.12,2020,Financial Services
682,2019 유한킴벌리 지속가능성보고서,2018.1~2018.12,2019,Household and Personal Products
683,2019 인천항만공사 지속가능경영보고서,2019.1~2019.12,2020,Public Agency
684,2019 지평 지속가능성보고서,2019.1~2019.12,2020,Other
685,2019 코웨이 지속가능경영보고서,2019.1~2019.12,2020,Household and Personal Products
686,2019 태광실업 지속가능경영보고서,2019.1~2019.12,2020,Household and Personal Products
687,2019 포스코건설 기업시민보고서,2019.1~2019.12,2020,Construction
688,2019 포스코인터내셔널 지속가능경영보고서,2019.1~2019.12,2020,Trade
689,2019 하나금융그룹 지속가능경영보고서,2019.1~2019.12,2020,Financial Services
690,2019 한국가스공사 지속가능경영보고서,2018.1~2018.12,2019,Public Agency
691,2019 한국공항공사 사회책임경영보고서,2018.1~2018.12,2019,Public Agency
692,2019 한국광물자원공사 지속가능경영보고서,2019.1~2019.12,2020,Public Agency
693,2019 한국국토정보공사 지속가능경영보고서,2018.1~2018.12,2020,Real Estate
694,2019 한국바스프 기업보고서,2019.1~2019.12,2020,Chemicals
695,2019 한국수력원자력 지속가능경영보고서,2018.1~2018.12,2019,Energy
696,2019 한국예탁결제원 지속가능경영보고서,2018.1~2018.12,2019,Public Agency
697,2019 한국임업진흥원 사회적 가치 보고서,2019.1~2019.12,2020,Public Agency
698,2019 한국전력공사 지속가능경영보고서,2018.1~2018.12,2019,Energy
699,2019 한국중부발전 지속가능경영보고서,2017.1~2019.12,2020,Energy
700,2019 한솔제지 지속가능경영보고서,2016.1~2018.12,2019,Forest and Paper Products
701,2019 현대건설 지속가능경영보고서,2018.1~2018.12,2019,Construction
702,2019 현대글로비스 지속가능경영보고서,2018.1~2018.12,2019,Others
703,2019 현대상선 지속가능경영보고서,2016.1~2019.6,2019,종합식품
704,2019 현대중공업그룹 통합보고서,2018.1~2018.12,2019,Constructions Materials
705,2019-2020 LG CNS 지속가능경영보고서,2019.1~2019.12,2020,Commercial Service
706,2019-2020 LG 전자 지속가능경영보고서,2019.1~2019.12,2020,Consumer Durables
707,2019-2020 LG디스플레이 지속가능경영 보고서,2019.1~2019.12,2020,Equipment
708,2019-2020 LG상사 지속가능경영 보고서,2019.1~2019.12,2020,Commercial Service
709,2019-2020 LG이노텍 지속가능경영보고서,2019.1~2019.12,2020,Technology Hardware
710,2019-2020 LS산전 지속가능경영보고서,2019.1~2019.12,2020,Metals Products
711,2019-2020 울산항만공사 지속가능경영보고서,2018.1~2019.12,2020,Public Agency
712,2019-2020 해양환경공단 사회적가치실현보고서,2019.1~2019.12,2020,Public Agency
713,2019~20 KCC 지속가능성보고서,2019.1~2019.12,2020,Constructions Materials
714,2019~2020 인천국제공항공사 사회적가치실현보고서,2019.1~2019.12,2020,Public Agency
715,2019년 JB금융그룹 통합연차보고서,2019.1~2019.12,2020,Financial Services
716,2019년 포스코에너지 기업시민보고서,2019.1~2019.12,2020,Energy
717,2020 Fast Retailing Sustainability Report,2018.9~2019.8,2020,Textiles and Apparel
718,2020 JPDC 지속가능경영보고서,2019.1~2019.12,2020,Public Agency
719,2020 KSS해운 지속가능경영보고서,2017.1~2019.12,2020,Others
720,2020 LG하우시스 지속가능경영보고서,2019.1~2019.12,2020,Constructions Materials
721,2020 NH투자증권 지속가능경영보고서,2019.1~2019.12,2020,Financial Services
722,2020 SK hynix 지속경영보고서,2019.1~2019.12,2020,Equipment
723,2020 SK주식회사 지속가능경영보고서,2019.1~2019.12,2020,Conglomerates
724,2020 대우건설 지속가능경영보고서,2019.1~2019.12,2020,Construction
725,2020 대한항공 지속가능성 보고서,2019.1~2019.12,2020,Aviation
726,2020 롯데건설 지속가능경영보고서,2019.1~2019.12,2020,Construction
727,2020 미래에셋대우 통합보고서,2019.1~2019.12,2020,Financial Services
728,2020 삼성SDS 지속가능경영보고서,2018.1~2019.12,2020,IT service
729,2020 삼성생명 지속가능경영보고서,2019.1~2019.12,2020,Financial Services
730,2020 세방 지속가능경영 보고서,2019.1~2019.12,2020,Logistics
731,2020 아세아시멘트 지속가능경영보고서,2018.1~2019.12,2020,Other
732,2020 유한킴벌리 지속가능성보고서,2019.1~2019.12,2020,Household and Personal Products
733,2020 한국가스공사 지속가능경영보고서,2019.1~2019.12,2020,Public Agency
734,2020 한국석유공사 사회적가치실현보고서,2019.1~2019.12,2020,Public Agency
735,2020 한국수력원자력 지속가능경영보고서,2019.1~2019.12,2020,Energy
736,2020 한국수자원공사 지속가능경영보고서,2019.1~2019.12,2020,Energy
737,2020 한국자산관리공사 사회책임경영보고서,2019.1~2019.12,2020,Public Agency
738,2020 한국철도시설공단 지속가능경영보고서,2019.1~2019.12,2020,Railroad
739,2020 한샘 지속가능경영 보고서,2019.1~2019.12,2020,furniture
740,2020 한솔그룹 지속가능경영보고서,2019.1~2019.12,2020,Conglomerates
741,2020 한화투자증권 지속가능경영보고서,2019.1~2020.3,2020,Financial Services
742,2020 현대건설 지속가능경영보고서,2019.1~2019.12,2020,Construction
743,2020 현대글로비스 지속가능경영보고서,2019.1~2019.12,2020,Others
744,2020 현대모비스 지속가능성보고서,2019.1~2019.12,2020,Equipment
745,2020 현대엔지니어링 지속가능경영보고서,2019.1~2019.12,2021,Construction
746,2020 현대일렉트릭 통합보고서,2019.1~2019.12,2020,전기&전자 부품
747,2020 현대제철 통합보고서,2019.1~2019.12,2020,Metals Products
748,2020년 한국조선해양 통합보고서,2019.1~2019.12,2020,조선
749,2020년 현대건설기계 통합보고서,2019.1~2019.12,2020,Constructions Materials
750,2020년 현대위아 지속가능성 보고서,2019.1~2019.12,2020,Equipment
751,Achieving Sustainability 지속가능경영보고서 2006,2006.01~2006.12,2007,은행
752,Achieving Sustainability 지속가능경영보고서 2007,2007.01~2007.12,2009,은행
753,aT 2013 지속가능경영보고서,2013.01~2013.12,2014,Public Agency
754,BASF in Korea Report 2014,2014.01~2014.12,2015,Chemicals
755,BASF in Korea Report 2016,2016.1~2016.12,2017,Chemicals
756,BNK금융그룹 지속가능경영보고서 2014,2014.01~2014.12,2015,Financial Services
757,BNK금융그룹 지속가능경영보고서 2015,2015.1~2015.12,2016,Financial Services
758,BNK금융그룹 지속가능경영보고서 2016,2016.1~2016.12,2017,Financial Services
759,BNK금융그룹 지속가능경영보고서 2017,2017.1~2017.12,2018,Financial Services
760,BNK금융그룹 지속가능경영보고서 2018,2018.1~2018.12,2019,Financial Services
761,BNK금융그룹 지속가능경영보고서 2019,2019.1~2019.12,2020,Financial Services
762,BS금융그룹 지속가능경영보고서 2012,2012.01~2012.12,2013,Financial Services
763,BS금융그룹 지속가능경영보고서 2013,2013.1~2013.12,2014,Financial Services
764,CHANGE FOR SUSTAINABILITY 지속가능보고서 2010,2010.01~2010.12,2012,Financial Services
765,CHEIL INDUSTRIES 2008 Corporate Report,2008.01~2008.12,2008,Textiles and Apparel
766,CHEIL INDUSTRIES CORPORATE REPORT 2007,2007.01~2007.12,2007,Textiles and Apparel
767,CJ CHEIL JEDANG SUSTAINABILITY REPORT 2015,2015.1~2015.12,2016,Food and Beverage Products
768,CJ CHEILHEDANG SUSTAINABILITY REPORT 2016,2016.1~2016.12,2017,Food and Beverage Products
769,CJ CheilJedang Sustainability Report 2013,2012.01~2012.12,2014,Food and Beverage Products
770,CJ 대한통운 2018-2019 지속가능경영보고서,2018.1~2019.12,2019,물류서비스
771,CJ 제일제당 Sustainability Report 2017,2017.1~2017.12,2018,Food and Beverage Products
772,CJ대한통운 2016 지속가능경영보고서,2016.1~2016.12,2017,물류서비스
773,CJ대한통운 2017-2018 지속가능경영보고서,2017.1~2017.12,2018,물류서비스
774,CJ제일제당 지속가능경영 보고서 2018,2018.1~2018.12,2019,Food and Beverage Products
775,CJ제일제당 지속가능경영보고서 2009,2008.01~2008.12,2009,Food and Beverage Products
776,Clipidea 2017 지속가능성보고서,2011.12~2017.6,2017,Non-Profit&Services
777,COWAY Sustainability,2015.1~2015.12,2016,Household and Personal Products
778,Daelim 2012 Sustainability Report,2012.01~2012.12,2013,Construction
779,DAELIM 2013 지속가능경영보고서,2013.01~2013.12,2014,Construction
780,DB HiTeK Corporate Social Responsibility 2017-2018,2017.1~2017.12,2018,Technology Hardware
781,DB손해보험 INTEGRATED REPORT 2018,2017.1~2017.12,2019,Financial Services
782,DB손해보험 지속가능경영 통합보고서 2019,2018.1~2018.12,2019,Financial Services
783,DB하이텍 CSR Report 2018-2019,2018.1~2018.12,2019,Technology Hardware
784,DGB 금융그룹 2016~2017 지속가능경영보고서,2016.1~2016.12,2017,Financial Services
785,DGB금융그룹 2010~2011 지속가능경영보고서,2010.01~2010.12,2011,Financial Services
786,DGB금융그룹 2011~2012 지속가능경영보고서,2011.01~2011.12,2012,Financial Services
787,DGB금융그룹 2012-2013 지속가능경영보고서,2012.01~2012.12,2013,Financial Services
788,DGB금융그룹 2013-2014 지속가능경영보고서,2013.01~2013.12,2014,Financial Services
789,DGB금융그룹 2014-2015 지속가능경영보고서,2014.01~2014.12,2015,Financial Services
790,DGB금융그룹 2015-2016 지속가능경영보고서,2015.01~2015.12,2016,Financial Services
791,DGB금융그룹 2018-2019 지속가능경영보고서,2018.1~2018.12,2019,Financial Services
792,DGB금융그룹 2019-2020 지속가능경영보고서,2019.1~2019.12,2020,Financial Services
793,Dongbu HiTek Corporate Social Responsibility Report 2017,2016.1~2016.12,2017,Technology Hardware
794,Dongbu HiTek CSR Report 2015,2015.1~2015.12,2016,Technology Hardware
795,DONGBU INSURANCE INTEGRATED REPORT 2017,2016.1~2016.12,2017,Financial Services
796,DONGBU INSURANCE INTERGRATED REPORT 2016,2015.1~2015.12,2016,Financial Services
797,Dongbu Insurance Sustainability Report 2015,2013.04~2014.12,2015,Financial Services
798,Dongwon Group Sustainbility Report 2015,2015.1~2015.12,2016,Conglomerates
799,Doosan Infracore 2016 Integrated Report,2016.1~2016.12,2017,Constructions Materials
800,Doosan Infracore 2017 Integrated Report,2017.1~2017.12,2018,Constructions Materials
801,DSME 2013 지속가능경영보고서,2012.01~2012.12,2013,Other
802,Environmental Report 2009,2008.01~2008.12,2009,Constructions Materials
803,Environmental Report 2009,2008.07~2009.12,2010,Construction
804,EWP Sustainability Report 2015,2014.1~2014.12,2015,Energy
805,EWP Sustainability Report 2016,2015.1~2015.12,2016,Energy
806,Fast Retailing  CSR Report 2009,2009.1~2009.12,2009,Textiles and Apparel
807,Fast Retailing  CSR Report 2010,2010.1~2010.12,2010,Textiles and Apparel
808,Fast Retailing  CSR Report 2012,2012.1~2012.12,2012,Textiles and Apparel
809,Fast Retailing  CSR Report 2013,2013.1~2013.12,2013,Textiles and Apparel
810,Fast Retailing  CSR Report 2014,2014.1~2014.12,2014,Textiles and Apparel
811,Fast Retailing  CSR Report 2015,2015.1~2015.12,2015,Textiles and Apparel
812,Fast Retailing  CSR Report 2016,2016.1~2016.1,2016,Textiles and Apparel
813,Fast Retailing Sustainability Book 2019,2017.9~2018.8,2019,Textiles and Apparel
814,Fast Retailing 지속가능성보고서 2017,2017.1~2017.12,2017,Textiles and Apparel
815,For GMK 20XX - Competitiveness & Sustainability,2014.01~2014.12,2015,Automotive
816,Four Seasons of Sustainability 웅진코웨이 2007 지속가능성 보고서,2007.01~2007.12,2009,Household and Personal Products
817,GS E&C Integrated Report 2012,2012.01~2012.12,2013,Construction
818,GS E&C INTEGRATED REPORT 2014,2014.01~2014.12,2015,Construction
819,GS E&C INTEGRATED REPORT 2015,2015.1~2015.12,2016,Construction
820,GS E&C INTEGRATED REPORT 2016,2016.1~2016.12,2017,Construction
821,GS E&C INTEGRATED REPORT,2013.01~2013.12,2014,Construction
822,GS 칼텍스 2014 지속가능성보고서,2014.01~2014.12,2015,Energy
823,GS 칼텍스 2017 지속가능성 보고서,2017.1~2017.12,2018,Energy
824,GS건설 2010 지속가능경영보고서,2010.01~2010.12,2011,Construction
825,GS건설 통합보고서 2011,2011.01~2011.12,2012,Construction
826,GS건설 통합보고서 2017,2017.1~2017.12,2018,Construction
827,GS건설 통합보고서 2019,2018.1~2018.12,2019,Construction
828,GS건설 통합보고서2018,2018.1~2018.12,2019,Construction
829,GS칼텍스 2011 지속가능성보고서,2011.01~2011.12,2012,Energy
830,GS칼텍스 2012 지속가능성보고서,2012.01~2012.12,2013,Energy
831,GS칼텍스 2013 지속가능성보고서,2013.1~2013.12,2014,Energy
832,GS칼텍스 2015 지속가능성보고서,2015.1~2015.12,2016,Energy
833,GS칼텍스 2016 지속가능성보고서,2016.1~2016.12,2017,Energy
834,GS칼텍스 2018 지속가능성보고서,2018.1~2018.12,2019,Energy
835,GS칼텍스 2019 지속가능성보고서,2019.1~2019.12,2020,Energy
836,G마켓 2008 후원활동백서,2005.01~2008.12,2009,인터넷쇼핑몰
837,G마켓 2010 후원활동백서,2009.01~2010.12,2011,인터넷쇼핑몰
838,H&M 2014년 주요성과들,2013.12~2014.11,2015,Textiles and Apparel
839,H&M Conscious Actions Highlights 2015,2015.01~2015.12,2016,Textiles and Apparel
840,Hanhwa Chemical 2012 Sustainability Report,2011.01~2011.12,2012,Chemicals
841,HANJIN SHIPPING 2010 지속가능성보고서,2010.01~2010.12,2012,철강
842,HANKOOK TIRE CSR REPORT 2013~14,2013.01~2013.12,2014,Consumer Durables
843,HANKOOK Tire CSR Report 2014~15,2014.01~2014.12,2015,Consumer Durables
844,HANKOOK TIRE CSR REPORT 2015~16,2015.01~2015.12,2016,Consumer Durables
845,HANKOOK TIRE CSR REPORT 2016~17,2016.1~2016.12,2017,Consumer Durables
846,HANKOOK TIRE CSR REPORT 2017~18,2017.1~2017.12,2018,Consumer Durables
847,HHI INTEGRATED REPORT,2014.01~2014.12,2015,Constructions Materials
848,HHI Sustainability Report 2014,2013.1~2013.12,2014,Constructions Materials
849,Honam Sustainability Report 2011,2011.01~2011.12,2012,Chemicals
850,HPC Sustainability Report 2010,2010.01~2010.12,2011,Chemicals
851,HPC Sustainability Report 2010,2010.01~2010.12,2012,Chemicals
852,HYUNDAI ELEVATOR SUSTAINABILITY REPORT 2016,2015.1~2015.12,2016,Equipment
853,Hyundai Glovis Sustainability Report 2015,2014.1~2014.12,2015,Others
854,IBK 기업은행 2012 지속가능경영보고서,2011.01~2011.12,2013,은행
855,IBK 기업은행 2013 지속가능경영보고서,2012.01~2012.12,2014,은행
856,ICC Jeju 2008 지속가능보고서,2007.01~2008.06,2009,Other
857,In-Between 2006~2007 Sustainability Report,2004.01~2007.06,2007,은행
858,JDC 지속경영보고서,2003.01~2006.12,2007,조선
859,K-water 2010 지속가능경영 보고서,2009.01~2009.12,2010,Energy
860,K-water 2011 지속가능경영 보고서,2010.01~2010.12,2011,Energy
861,K-water 2012 지속가능경영보고서,2011.01~2011.12,2013,Energy
862,K-water 2014 지속가능경영보고서,2013.01~2013.12,2014,Energy
863,K-water 2015 지속가능경영보고서,2014.01~2014.12,2015,Energy
864,K-water 2016 지속가능경영보고서,2015.1~2016.11,2016,Energy
865,K-water 2018 지속가능경영보고서,2017.1~2017.12,2018,Energy
866,KANGWON LAND SUSTAINABILITY REPORT 2014,2014.1~2014.12,2015,Tourism&Leisure
867,Kangwon land sustainability report 2015,2015.01~2015.12,2016,Tourism&Leisure
868,Kangwon Land Sustainabliity Report 2011,2010.01~2010.12,2012,Tourism&Leisure
869,KB금융그룹 2011 지속가능경영 보고서,2011.01~2011.12,2012,Financial Services
870,KCC 지속가능경영보고서 2018~19,2018.1~2018.12,2019,Constructions Materials
871,KC그린홀딩스 2014 지속가능경영보고서,2013.01~2013.12,2014,Energy Utilities
872,KC그린홀딩스 2015 지속가능경영보고서,2014.01~2014.12,2015,Energy Utilities
873,KC그린홀딩스 2016 지속가능경영보고서,2015.1~2015.12,2016,Energy Utilities
874,KC그린홀딩스 2017 지속가능경영보고서,2016.1~2016.12,2017,Energy Utilities
875,KC그린홀딩스 2018 지속가능경영보고서,2017.1~2017.12,2018,Energy Utilities
876,KC그린홀딩스 2019 지속가능경영보고서,2018.1~2018.12,2019,Energy Utilities
877,KC그린홀딩스 2020 지속가능경영보고서,2019.1~2019.12,2020,Energy Utilities
878,KDB Daewoo Securities Sustainability Report 2013,2010.01~2012.12,2013,Financial Services
879,KDB Daewoo Securities Sustainability Report 2015,2012.01~2014.12,2015,Financial Services
880,KDN Sustainabiliy Report2007,2007.01~2007.12,2008,종합식품
881,KEPCO 2012 지속가능경영보고서,2011.01~2011.12,2012,Energy
882,KEPCO 2013 지속가능경영보고서,2012.01~2012.12,2014,Energy
883,KEPCO 지속가능경영보고서 2010,2009.01~2009.12,2010,Energy
884,KEPCO 지속가능경영보고서 2011,2010.01~2010.12,2011,Energy
885,Kia Motors Sustainability Magazine 2009,2006.01~2008.12,2010,Automotive
886,Kia Motors Sustainability Magazine 2010,2009.01~2009.12,2010,Automotive
887,Kia Motors Sustainability Magazine 2011,2006.01~2010.12,2011,Automotive
888,Kia Motors Sustainability Magazine 2012,2009.01~2011.12,2012,Automotive
889,Kia Motors Sustainability Magazine 2013,2010.01~2012.12,2013,Automotive
890,Kia Motors Sustainability Magazine 2016,2015.01~2015.12,2016,Automotive
891,Kia Motors Sustainability Magazine 2017,2016.1~2016.12,2017,Automotive
892,Kia Motors Sustainability Magazine 2019,2018.1~2018.12,2019,Automotive
893,Kia Motors Sustainability Magazine 2020,2017.1~2019.12,2020,Automotive
894,Kia Motors Sustainability Report 2006,2000.01~2005.12,2006,Automotive
895,Kia Motors Sustainability Report 2007,2006.01~2006.12,2007,Automotive
896,Kia Motors Sustainability Report 2008,2007.01~2007.12,2008,Automotive
897,KICOX 2011 Sustainability Report,2009.01~2011.12,2012,SOC시설관리
898,KOGAS 지속가능경영보고서 2018,2017.1~2017.12,2018,Public Agency
899,KORAIL 2010 지속가능경영보고서,2010.01~2010.12,2011,Railroad
900,KORAIL 2011 지속경영보고서,2011.01~2011.12,2012,Railroad
901,KORAIL 2013 지속경영보고서,2013.1~2013.12,2014,Railroad
902,KORES Sustainability Value Report 2008,2008.01~2008.12,2009,Public Agency
903,KORES Sustainability Value Report 2012,2012.01~2012.12,2014,Public Agency
904,KORES Sustainability Value Report 2013,2013.1~2013.12,2014,Public Agency
905,KOSPO 지속가능경영보고서 2012,2011.01~2012.12,2013,Energy
906,KOTRA Integrated Sustainability Report 2013,2013.01~2013.12,2014,Public Agency
907,KR Sustainability Report 2007,2007.01~2007.12,2008,Railroad
908,KRA 2011 지속가능경영보고서,2010.01~2010.12,2012,Public Agency
909,KRA 2013 지속가능경영보고서,2012.1~2012.12,2013,Public Agency
910,KSA 2011 지속가능성보고서,2009.01~2010.12,2012,Other
911,KSA 통합 지속가능성보고서,2013.1~2014.12,2015,Other
912,KSD 2012 지속가능경영보고서,2010.01~2012.12,2013,Public Agency
913,KSPO 지속가능보고서 2010,2010.01~2010.12,2012,Public Agency
914,KSS해운 지속가능경영보고서 2018,2014.1~2017.12,2018,Others
915,KT 2006 기업의 사회적 책임보고서,2005.01~2006.05,2006,Telecommunications
916,KT 2007 기업의 사회적 책임보고서,2006.01~2007.03,2007,Telecommunications
917,KT 2008 기업의 사회적 책임보고서,2007.01~2007.12,2008,Telecommunications
918,KT 2010 지속가능성 보고서,2009.01~2009.12,2010,Telecommunications
919,Kt Integrated Report 2014,2013.01~2013.12,2014,Telecommunications
920,kt Integrated Report 2015,2014.01~2014.12,2015,Telecommunications
921,KT Integrated Report 2016,2015.01~2015.12,2016,Telecommunications
922,KT Integrated Report 2017,2016.1~2016.12,2017,Telecommunications
923,KT Integrated Report 2018,2017.1~2017.12,2018,Telecommunications
924,KT Integrated Report 2019,2018.1~2018.12,2019,Telecommunications
925,KT Intergrated Report 2020,2019.1~2019.12,2020,Telecommunications
926,KT 지속가능경영보고서 2012,2011.01~2011.12,2012,Telecommunications
927,KT 통합보고서 2019,2018.1~2019.7,2019,Telecommunications
928,KT&G 2007 지속가능성보고서,2007.01~2007.12,2008,Tobacco
929,KT&G 2010~11 지속가능보고서,2010.01~2011.12,2011,Tobacco
930,KT&G 2012~13 지속가능보고서,2012.01~2013.12,2014,Tobacco
931,KT&G 2014~15 지속가능보고서,2014.1~2015.12,2016,Tobacco
932,KUMHO TIRE ANNUAL REPORT 2018,2018.1~2018.12,2019,Others
933,Kumho Tire Sustainability Report 2013~2014,2013.01~2013.12,2014,Others
934,kwater 2017 지속가능경영보고서,2016.1~2016.12,2017,Energy
935,KYOBO Life Sustainability Report 2012,2012.04~2013.03,2013,Financial Services
936,LG Chem 2014 S u s t a i n a b i l i t y R e p o r t,2014.01~2014.12,2015,Chemicals
937,LG Chem 2017 Sustainability Report,2017.1~2017.12,2018,Chemicals
938,LG Chem Sustainability report 2015,2015.01~2015.12,2016,Chemicals
939,LG CHEM SUSTAINABILITY REPORT,2016.1~2016.12,2017,Chemicals
940,LG CNS Sustainability Report 2016-2017,2016.1~2016.12,2017,Commercial Service
941,LG Hausys Sustainability Report 2016,2015.1~2015.12,2016,Constructions Materials
942,LG U+ 2012 지속가능경영보고서,2012.01~2012.12,2013,Telecommunications
943,LG U+ 2013 지속가능경영보고서,2013.01~2013.12,2014,Telecommunications
944,LG U+ 2014 지속가능경영보고서,2014.1~2014.12,2015,Telecommunications
945,LG U+ 2016 Sustainability Report,2016.1~2016.12,2017,Telecommunications
946,LG U+ 2018 지속가능경영 보고서,2018.1~2018.12,2019,Telecommunications
947,LG U+ 지속가능경영보고서 2017,2017.1~2017.12,2018,Telecommunications
948,LG생활건강 2010 지속가능경영보고서,2010.01~2010.12,2011,Household and Personal Products
949,LG생활건강 2011 지속가능경영보고서,2011.01~2011.12,2012,Household and Personal Products
950,LG유플러스 지속가능경영보고서 2019,2019.1~2019.12,2020,Telecommunications
951,LG전자 2010 지속가능경영보고서,2010.01~2010.12,2011,Consumer Durables
952,LG하우시스 지속가능경영보고서 2012,2009.04~2011.12,2012,Constructions Materials
953,LG하우시스 지속가능경영보고서 2013,2012.01~2012.12,2013,Constructions Materials
954,LG하우시스 지속가능경영보고서 2014,2013.01~2013.12,2014,Constructions Materials
955,LG하우시스 지속가능경영보고서 2015,2014.1~2014.12,2015,Constructions Materials
956,LG하우시스 지속가능경영보고서 2017,2016.1~2016.12,2017,Constructions Materials
957,LG하우시스 지속가능경영보고서 2018,2017.1~2017.12,2018,Constructions Materials
958,LG하우시스 지속가능경영보고서 2019,2018.1~2018.12,2019,Constructions Materials
959,LG화학 2010 지속가능성보고서,2010.01~2010.12,2011,Chemicals
960,LG화학 2011 지속가능경영보고서,2011.01~2011.12,2012,Chemicals
961,LG화학 지속가능경영보고서,2012.01~2012.12,2013,Chemicals
962,LH Sustainability Report 2014,2013.01~2013.12,2014,Public Agency
963,LH Sutainability Report 2018,2017.1~2017.12,2019,Public Agency
964,LH 지속가능경영보고서 2019-2020,2018.1~2019.12,2020,Public Agency
965,LH공사 지속가능경영보고서 2014,2013.01~2013.12,2014,Public Agency
966,LOTTE CHEMICAL 2012 지속가능경영보고서,2012.01~2012.12,2013,Chemicals
967,LOTTE CHEMICAL SUSTAINABILITY REPORT 2016,2016.1~2016.12,2017,Chemicals
968,Lotte Chemical Sustainability Report 2017,2017.1~2017.12,2018,Chemicals
969,LOTTE CHEMICAL SUSTAINABILITY REPORT 2018,2018.1~2018.12,2019,Chemicals
970,LOTTE CHEMICAL SUSTAINABILITY REPORT 2019,2019.1~2019.12,2020,Chemicals
971,LOTTE E&C 2014 지속가능경영보고서,2013.1~2013.12,2014,Construction
972,LOTTE E&C 2015 지속가능경영보고서,2014.01~2014.12,2015,Construction
973,LOTTE E&C 2016 지속가능 경영보고서,2015.1~2015.12,2016,Construction
974,LOTTE SHOPPING SUSTAINABILITY REPORT 2014,2013.1~2013.12,2014,Commercial Service
975,Lotte shopping sustainability report 2015,2014.01~2014.12,2015,Commercial Service
976,LS엠트론 2010 지속가능경영보고서,2010.01~2010.12,2011,Technology Hardware
977,LS엠트론 2011 지속가능경영보고서,2011.01~2011.12,2012,Technology Hardware
978,LS전선 2010 지속가능경영 보고서,2010.01~2010.12,2011,Energy Utilities
979,LS전선 2011 지속가능경영보고서,2011.01~2011.12,2012,Energy Utilities
980,LS전선 2018-2019 지속가능경영보고서+연차보고서,2018.1~2018.12,2019,Energy Utilities
981,LS전선 2019-2020 지속가능경영보고서 & 연차보고서,2019.1~2019.12,2020,Energy Utilities
982,Making Responsible Power - 지속가능경영보고서 2008,2006.01~2007.12,2009,Energy
983,OCI 2009 지속가능경영보고서,2009.01~2009.12,2010,Chemicals
984,OCI 2010 지속가능경영보고서,2010.01~2010.12,2011,Chemicals
985,OCI 2011 지속가능경영보고서,2011.01~2011.12,2012,Chemicals
986,OCI 2012 지속가능경영보고서,2012.01~2012.12,2013,Chemicals
987,OCI Sustainability Report 2018,2000.1~2000.1,2019,Chemicals
988,POSCO C&C 2017 Sustainability Report,2017.1~2017.12,2018,Constructions Materials
989,POSCO CHEMTECH 2015-2016 SUSTAINABILITY REPORT,2015.1~2016.12,2017,Chemicals
990,POSCO CORPORATE CITIZENSHIP REPORT 2019,2019.1~2019.12,2020,Conglomerates
991,POSCO DAEWOO CORPORATION SUSTAINABILITY REPORT 2016,2016.1~2016.12,2017,Other
992,POSCO REPORT 2014,2014.01~2014.12,2015,Conglomerates
993,Posco Report 2015,2015.01~2015.12,2016,Conglomerates
994,POSCO REPORT 2016,2016.1~2016.12,2017,Conglomerates
995,POSCO Report 2017,2017.1~2017.12,2018,Conglomerates
996,PULMUONE INTEGRATED REPORT 2016,2016.1~2016.12,2017,Food and Beverage Products
997,S-OIL 2013 SUSTAINABILITY REPORT,2013.1~2013.12,2014,Energy
998,S-OIL SUSAINABILITY REPORT 2015,2015.1~2015.12,2016,Energy
999,S-OIL Sustainability Report 2007,2007.01~2007.12,2008,Energy
1000,S-OIL Sustainability Report 2008,2008.01~2008.12,2009,Energy
1001,S-OIL Sustainability Report 2009,2009.01~2009.12,2010,Energy
1002,S-OIL Sustainability Report 2010,2010.01~2010.12,2012,Energy
1003,S-OIL Sustainability Report 2014,2014.01~2014.12,2015,Energy
1004,S-OIL Sustainability Report 2016,2016.1~2016.12,2017,Energy
1005,Samsung Asset Management 2015 Profile book,2014.01~2014.12,2015,Financial Services
1006,SAMSUNG ASSET MANAGEMENT 2016 Profile book,2015.1~2015.12,2016,Financial Services
1007,SAMSUNG ASSET MANAGEMENT 2017 Profile book,2016.1~2016.12,2017,Financial Services
1008,SAMSUNG C&T CORPORATION CSR REPORT 2016,2015.01~2015.12,2016,Construction
1009,SAMSUNG C&T CORPORATION CSR REPORT 2017,2016.1~2016.12,2017,Construction
1010,Samsung C&T Corporation Sustainability Report 2013,2012.01~2012.12,2014,Construction
1011,Samsung C&T CSR Report 2018,2017.1~2017.12,2018,Construction
1012,Samsung Electro-Mechanics Citizenship Report 2005,2005.01~2005.12,2006,Equipment
1013,Samsung Electro-Mechanics Citizenship Report 2007,2006.01~2007.12,2008,Equipment
1014,Samsung Electro-Mechanics Citizenship Report 2010,2008.01~2009.12,2010,Equipment
1015,Samsung Electro-Mechanics Citizenship Report 2014,2012.1~2013.12,2014,Equipment
1016,SAMSUNG ELECTRO-MECHANICS SUSTAINABILITY REPORT 2016,2015.01~2015.12,2016,Equipment
1017,Samsung Electro-Mechanics Sustainability Report 2018,2016.1~2017.12,2018,Equipment
1018,SAMSUNG ELECTRO-MECHANICS SUSTAINABILITY REPORT 2019,2018.1~2018.12,2019,Equipment
1019,Samsung Fire & Marine Insurance 2020 Integrated Report,2019.1~2019.12,2020,Financial Services
1020,SAMSUNG HEAVY INDUSTRIES SUSTAINABILITY REPORT 2016,2016.1~2016.12,2017,Constructions Materials
1021,SAMSUNG HEAVY INDUSTRIES SUSTAINABILITY REPORT 2018,2018.1~2018.12,2019,Constructions Materials
1022,Samsung SDI Sustainability Report 2012,2012.01~2012.12,2013,Commercial Service
1023,Samsung SDI Sustainability Report 2013,2013.01~2013.12,2014,Commercial Service
1024,SAMSUNG SDI SUSTAINABILITY REPORT 2014,2014.01~2014.12,2015,Commercial Service
1025,SAMSUNG SDI Sustainability report 2015,2015.01~2015.12,2016,Commercial Service
1026,SAMSUNG SDI Sustainability Report 2016,2016.1~2016.12,2017,Commercial Service
1027,SAMSUNG SECURITIES REPORT 2016,2016.1~2016.12,2017,Financial Services
1028,Samsung Securities Report 2017,2017.1~2017.12,2018,Financial Services
1029,SAMSUNG SECURITIES REPORT 2018,2018.1~2018.12,2019,Financial Services
1030,SFAC Sustainability Report 2012,2011.01~2011.12,2012,Non-Profit&Services
1031,SHINHAN FINANCIAL GROUP CSR REPORT 2016,2016.1~2016.12,2017,Financial Services
1032,Shinhan Financial Group CSR Report 2017,2017.1~2017.12,2018,Financial Services
1033,SK chemicals Sustainability Report 2013,2013.01~2013.12,2014,Chemicals
1034,SK chemicals Sustainability Report 2014,2014.01~2014.12,2015,Chemicals
1035,SK Chemicals Sustainability Report 2015,2015.1~2015.12,2016,Chemicals
1036,SK Chemicals Sustainability Report 2016,2016.1~2016.12,2017,Chemicals
1037,SK chemicals Sustainability Report 2017,2017.1~2017.12,2018,Chemicals
1038,SK hynix SUSTAINABILITY REPORT 2017,2016.1~2016.12,2017,Equipment
1039,SK Hynix Sustainability Report 2018,2017.1~2017.12,2018,Equipment
1040,SK hynix Sustainability Report 2019,2018.1~2018.12,2019,Equipment
1041,SK innovation Sustainability Report 2013,2013.1~2013.12,2014,Energy
1042,SK innovation Sustainability Report 2016,2016.1~2016.12,2017,Energy
1043,SK innovation Sustainability Report 2017,2017.1~2017.12,2018,Energy
1044,SK Innovation 지속가능성 보고서,2014.1~2014.12,2015,Energy
1045,SK innovation 지속가능성보고서 2012,2012.01~2012.12,2014,Energy
1046,SK Telecom Annual Report 2013,2013.1~2013.12,2014,Telecommunications
1047,SK Telecom Annual Report 2014,2014.01~2014.12,2015,Telecommunications
1048,SK Telecom Annual Report 2015,2015.1~2015.12,2016,Telecommunications
1049,SK Telecom Annual Report 2016,2016.1~2016.12,2017,Telecommunications
1050,SK Telecom Annual Report 2017,2017.1~2017.12,2018,Telecommunications
1051,SK 하이닉스 2013 지속경영보고서,2012.01~2012.12,2013,Equipment
1052,SK(주) 지속가능성보고서 2005,2002.01~2004.12,2005,Conglomerates
1053,SKC SUSTAINABILITY REPORT 2020,2019.1~2019.12,2020,Chemicals
1054,SK건설 2016 사회적 책임 보고서,2016.1~2016.12,2017,Construction
1055,SK건설 2017 사회적 책임 보고서,2017.1~2017.12,2018,Construction
1056,SK건설 2019 Annual Report,2019.1~2019.12,2020,Construction
1057,SK건설 사회적 책임 보고서 2015,2015.1~2015.12,2016,Construction
1058,SK네트웍스 2017 지속가능경영보고서,2017.1~2017.12,2018,Trade
1059,SK네트웍스 2018 지속가능경영보고서,2018.1~2018.12,2019,Trade
1060,SK네트웍스 2019 지속가능경영보고서,2019.1~2019.12,2020,Trade
1061,SK에너지 2009 지속가능성보고서,2009.01~2009.12,2010,석유 및 가스
1062,SK이노베이션 지속가능성보고서 2015,2015.1~2015.12,2016,Energy
1063,SK이노베이션 지속가능성보고서 2018,2018.1~2018.12,2019,Energy
1064,SK이노베이션 지속가능성보고서 2019,2019.1~2019.12,2020,Energy
1065,SK케미칼 2012 지속가능경영보고서,2012.01~2012.12,2013,Chemicals
1066,SK케미칼 지속가능경영보고서 2011,2009.01~2011.12,2012,Chemicals
1067,SK텔레콤 2010 지속가능성보고서,2010.01~2010.12,2011,Telecommunications
1068,SK텔레콤 2018 통합보고서,2018.1~2018.12,2019,Telecommunications
1069,SK하이닉스 2014 지속경영보고서,2013.01~2013.12,2014,Equipment
1070,SK하이닉스 2015 지속경영보고서,2014.01~2014.12,2015,Equipment
1071,SK하이닉스 2016 Sustainability Report,2015.01~2015.12,2016,Equipment
1072,SK하이닉스 지속가능경영보고서 2012,2011.01~2011.12,2012,Equipment
1073,STX Business Group 2010 지속가능경영보고서,2010.01~2010.12,2012,Conglomerates
1074,STX Construction 2010 지속가능경영보고서,2010.01~2010.12,2012,Construction
1075,STX Energy 2010 지속가능경영보고서,2010.01~2010.12,2012,Energy
1076,STX엔진 2010  지속가능성보고서,2009.01~2009.12,2011,화장품
1077,STX엔진 2012 지속가능경영보고서,2011.01~2011.12,2013,화장품
1078,Sustainability 2009,2006.01~2008.12,2009,Energy
1079,Sustainability Report 2003,2002.01~2002.12,2003,Commercial Service
1080,Sustainability Report 2004,2004.01~2004.12,2000,Commercial Service
1081,Sustainability Report 2005,2004.01~2004.12,2005,Energy
1082,Sustainability Report 2005,2005.01~2005.12,2006,Commercial Service
1083,Sustainability Report 2006 Korea EAST WEST Power,2005.01~2005.12,2006,Energy
1084,Sustainability Report 2006,2005.01~2005.12,2006,Energy
1085,Sustainability Report 2006,2006.01~2006.12,2007,Commercial Service
1086,SUSTAINABILITY REPORT 2006,2006.01~2006.12,2007,Public Agency
1087,Sustainability Report 2006,2006.01~2006.12,2007,석유 및 가스
1088,Sustainability Report 2007,2004.01~2007.06,2007,Public Agency
1089,Sustainability Report 2007,2006.01~2006.12,2007,Public Agency
1090,Sustainability Report 2007,2007.01~2007.12,2008,Commercial Service
1091,Sustainability Report 2007,2007.01~2007.12,2008,Public Agency
1092,Sustainability Report 2007,2007.01~2007.12,2008,석유 및 가스
1093,Sustainability Report 2008 KAC 한국공항공사,2008.01~2008.12,2009,Public Agency
1094,Sustainability Report 2008,2007.01~2007.12,2008,Public Agency
1095,Sustainability Report 2008,2008.01~2008.12,2009,Commercial Service
1096,Sustainability Report 2009,2007.01~2009.12,2010,Public Agency
1097,Sustainability Report 2009,2008.01~2009.12,2010,Tobacco
1098,Sustainability Report 2009,2009.01~2009.12,2010,Commercial Service
1099,Sustainability Report 2011,2009.01~2010.12,2011,Chemicals
1100,Sustainability Report 2015 KYOBO Life,2015.01~2015.12,2016,Financial Services
1101,Sustainability Report 2015,2015.01~2015.12,2016,Energy
1102,SUSTAINABILITY REPORT 2016 KYOBO LIFE,2016.1~2016.12,2017,Financial Services
1103,Sustainability Report 2017,2016.1~2017.12,2017,Energy
1104,Sustainability Report 2017,2016.4~2017.3,2018,Technology Hardware
1105,Sustainability Report 2017,2017.1~2017.12,2018,Financial Services
1106,Sustainability Report 2017,2017.1~2017.12,2018,Other
1107,SUSTAINABILITY REPORT 2018 KYOBO LIFE,2018.1~2018.12,2019,Financial Services
1108,Sustainability Report 2018,2016.9~2017.8,2018,Textiles and Apparel
1109,Sustainability Report 8th,2015.1~2015.12,2016,Non-Profit&Services
1110,Sustainable Matrix 2008 서울메트로 지속가능경영보고서,2005.01~2008.06,2009,"철도,지하철"
1111,WOONGJIN THINKBIG 2007 SUSTAINABILITY REPORT,2006.01~2006.12,2007,환경가전
1112,YONWOO 2016 Sustainability Report,2016.1~2016.12,2017,Other
1113,YONWOO REPORT 2018,2018.1~2018.12,2019,Other
1114,건강보험심사평가원 2018년 지속가능경영보고서,2017.1~2017.12,2018,백화점
1115,경신 2011 지속가능성보고서,2011.01~2011.12,2012,Technology Hardware
1116,경신 2012 지속가능성 보고서,2012.01~2012.12,2013,Technology Hardware
1117,경신 2014년 지속가능성 보고서,2014.01~2014.12,2015,Technology Hardware
1118,경신공업 2009 지속가능성보고서,2008.01~2008.12,2009,화장품
1119,경신공업 2009 지속가능성보고서,2008.01~2009.09,2010,Technology Hardware
1120,과학기술인공제회 지속가능경영보고서 2015,2015.1~2015.12,2016,Financial Services
1121,관악사회복지 지속가능성보고서 2017,2017.1~2017.12,2018,Non-Profit&Services
1122,교보생명  2011사업연도 지속가능경영보고서,2011.04~2012.03,2012,Financial Services
1123,교보생명 2002 사회공헌활동 백서,2002.01~2002.12,2003,Financial Services
1124,교보생명 2003 사회공헌활동 백서,2003.01~2003.12,2004,Financial Services
1125,교보생명 2004 사회공헌활동 백서,2004.01~2004.12,2005,Financial Services
1126,교보생명 2005 사회공헌활동 백서,2005.01~2005.12,2006,Financial Services
1127,교보생명 2006 사회공헌활동 백서,2006.01~2006.12,2007,Financial Services
1128,교보생명 2007 사회공헌활동 백서,2007.01~2007.12,2008,Financial Services
1129,교보생명 2008 사회공헌활동 백서,2008.01~2008.12,2009,Financial Services
1130,교보생명 2009 사회공헌활동 백서,2009.04~2010.03,2010,Financial Services
1131,교보생명 2010사업연도 지속가능경영보고서,2010.04~2011.03,2011,Financial Services
1132,교보생명 2013 지속가능경영보고서,2013.04~2013.12,2014,Financial Services
1133,교통안전공단 2009 지속가능경영보고서,2009.01~2009.12,2010,Public Agency
1134,교통안전공단 2010~2011 지속가능경영보고서,2010.01~2011.12,2012,Public Agency
1135,국립생태원 2018 지속가능경영보고서,2015.1~2017.12,2019,Public Agency
1136,국민연금 사회책임경영보고서 2015,2014.01~2014.01,2015,Public Agency
1137,국민연금 사회책임경영보고서 2016,2015.1~2015.12,2016,Public Agency
1138,국민연금 사회책임경영보고서2014,2013.01~2013.12,2014,Public Agency
1139,국민은행 2010 지속가능경영보고서,2010.01~2010.12,2011,은행
1140,국민체육진흥공단 지속가능보고서 2013,2013.1~2013.12,2014,Public Agency
1141,국민체육진흥공단 지속가능성보고서 2008,2007.01~2008.11,2009,Public Agency
1142,국방기술품질원「2007 지속가능경영보고서」,2007.01~2007.12,2008,"철도,지하철"
1143,국제뇌교육협회 지속가능성보고서 2016,2015.1~2017.12,2018,Non-Profit&Services
1144,근로복지공단 지속가능경영보고서 2011,2011.01~2011.12,2012,Public Agency
1145,금호석유화학 2009 지속가능성보고서,2006.01~2008.12,2010,석유화학
1146,금호타이어 2007 지속가능보고서,2007.01~2007.12,2008,Others
1147,금호타이어 지속가능성보고서 2015,2015.1~2015.12,2016,Others
1148,기아자동차 2018 지속가능경영보고서,2015.1~2017.12,2018,Automotive
1149,기아자동차 지속가능보고서2015,2014.1~2014.12,2015,Automotive
1150,나노엔텍 2009 지속가능성보고서,2009.01~2009.12,2010,생활용품
1151,네이버 2020 ESG 보고서,2020.1~2020.10,2020,포털사이트
1152,농수산물유통공사 2009 지속가능경영보고서,2009.01~2009.12,2010,Public Agency
1153,농수산물유통공사 2010 지속가능경영보고서,2008.01~2010.12,2011,Public Agency
1154,다솜이재단 두번째 지속가능경영보고서,2009.01~2010.06,2011,Non-Profit&Services
1155,대구은행 2006 지속가능경영보고서,2006.01~2006.12,2007,은행
1156,대구은행 2008 지속가능경영보고서,2008.01~2008.12,2009,은행
1157,대림 2011 지속가능경영보고서,2010.01~2011.12,2012,Construction
1158,"대림산업 지속가능경영보고서 2009 Best Value, Better Life",2009.01~2009.12,2010,Construction
1159,대보건설 지속가능보고서 2015,2014.1~2014.12,2015,Construction
1160,대우건설 2011 지속가능경영보고서,2011.01~2011.12,2012,Construction
1161,대우건설 2012 지속가능경영보고서,2012.01~2012.12,2013,Construction
1162,대우건설 2013 지속가능경영 보고서,2013.01~2013.12,2014,Construction
1163,대우조선해양 2009 환경사회보고서,2009.01~2009.12,2010,Other
1164,대우조선해양 2010 환경사회보고서,2010.01~2010.12,2011,Other
1165,대우조선해양 2011 환경사회보고서,2011.01~2011.12,2012,Other
1166,대우증권 지속가능경영보고서 2011,2009.04~2011.03,2011,Financial Services
1167,대우증권 지속가능보고서 2006,2005.04~2006.03,2006,Financial Services
1168,대우증권 지속가능보고서 2009,2007.04~2009.03,2009,Financial Services
1169,대한주택공사 Sustainabi l i t y Repor t 2008,2007.01~2008.12,2011,"철도,지하철"
1170,대한지적공사 2010 지속가능경영보고서,2010.01~2010.12,2011,자동차
1171,동부하이텍 2014년 기업환경 보고서,2014.01~2014.12,2015,Technology Hardware
1172,동부하이텍 CSR Report 2019-2020,2019.1~2019.12,2020,Technology Hardware
1173,동부화재 2011 지속가능경영보고서,2009.04~2011.03,2011,Financial Services
1174,동부화재 지속가능경영보고서 2013,2011.04~2013.03,2014,Financial Services
1175,동아쏘시오그룹 Integrated Report 2019,2019.1~2019.12,2020,Healthcare Products
1176,두산 인프라코어 2018 통합보고서,2018.1~2018.12,2019,Constructions Materials
1177,두산중공업 2015 통합보고서,2015.1~2015.12,2016,Constructions Materials
1178,롯데건설 지속가능경영보고서 2013,2012.01~2012.12,2013,Construction
1179,롯데첨단소재 지속가능경영보고서 2017,2016.2~2017.12,2018,Technology Hardware
1180,롯데칠성음료 2012 지속가능경영보고서,2012.01~2012.12,2013,Food and Beverage Products
1181,롯데케미칼 2013 지속가능경영보고서,2013.01~2013.12,2014,Chemicals
1182,롯데케미칼 2014 지속가능경영보고서,2014.01~2014.12,2015,Chemicals
1183,메리츠종금증권 지속가능경영보고서 2017,2017.1~2017.12,2018,Financial Services
1184,미디액트 지속가능보고서,2015.1~2015.12,2016,Non-Profit&Services
1185,미래에셋증권 2011 지속가능경영 보고서,2010.04~2011.03,2011,Financial Services
1186,보광패밀리마트 2010 Communication on Progress,2009.01~2010.09,2011,할인점
1187,본그룹 지속가능경영보고서,2014.1~2015.9,2016,Food and Beverage Products
1188,부산시설관리공단 2009 지속가능경영보고서,2005.01~2008.12,2009,SOC시설관리
1189,부산시설관리공단 2010 지속가능경영보고서,2009.01~2009.12,2011,SOC시설관리
1190,사람 그리고 미래 교보생명 2014 지속가능경영보고서,2014.01~2014.12,2015,Financial Services
1191,사립학교교직원연금공단 2013 지속가능경영보고서,2012.01~2012.12,2014,Financial Services
1192,사회보고서 2003-2004,2002.01~2003.12,2004,Tobacco
1193,사회보고서 2005-2006,2004.01~2005.12,2006,Tobacco
1194,사회보고서 2007-2008,2006.01~2007.12,2008,Tobacco
1195,사회보고서 2007-2008,2007.01~2007.12,2009,종합식품
1196,삼성SDI 2010 지속가능성보고서,2010.01~2010.12,2011,Commercial Service
1197,삼성SDI 지속가능경영보고서 2011,2011.01~2011.12,2012,Commercial Service
1198,삼성물산 2010 지속가능경영보고서,2009.01~2009.12,2011,Construction
1199,삼성물산 2015 지속가능경영보고서,2014.1~2014.12,2015,Construction
1200,삼성물산 2020 CSR보고서,2019.1~2019.12,2020,Construction
1201,삼성물산 지속가능경영 보고서 2008,2007.01~2007.12,2009,Construction
1202,삼성물산 지속가능경영보고서 2012,2009.01~2011.12,2013,Construction
1203,삼성자산운용 지속가능경영 보고서 2014,2013.1~2013.12,2014,Financial Services
1204,삼성전기 2012 지속가능성보고서,2010.01~2011.12,2012,Equipment
1205,삼성전자 2011 지속가능경영보고서,2010.01~2010.12,2011,Consumer Durables
1206,삼성전자 2013 지속가능경영보고서,2012.01~2012.12,2013,Consumer Durables
1207,삼성전자 2014 지속가능경영보고서,2013.01~2013.12,2014,Consumer Durables
1208,삼성전자 2015 지속가능경영보고서,2014.1~2014.12,2015,Consumer Durables
1209,삼성전자 지속가능경영보고서 2016,2015.01~2015.12,2016,Consumer Durables
1210,삼성전자 지속가능경영보고서 2017,2016.1~2016.12,2017,Consumer Durables
1211,삼성전자 지속가능경영보고서 2018,2017.1~2017.12,2018,Consumer Durables
1212,삼성전자 지속가능경영보고서 2019,2018.1~2018.12,2019,Consumer Durables
1213,삼성전자 지속가능경영보고서 2020,2019.1~2019.12,2020,Consumer Durables
1214,삼성중공업 2010 지속가능경영보고서,2010.01~2010.12,2011,Constructions Materials
1215,삼성중공업 2013 지속가능경영보고서,2013.01~2013.12,2014,Constructions Materials
1216,삼성중공업 지속가능경영보고서 2011,2011.01~2011.12,2012,Constructions Materials
1217,삼성중공업 지속가능경영보고서 2012,2012.01~2012.12,2013,Constructions Materials
1218,삼성중공업 지속가능경영보고서 2014,2014.1~2014.12,2015,Constructions Materials
1219,삼성증권 2010 지속가능경영보고서,2010.01~2010.12,2011,Financial Services
1220,삼성증권 2011 지속가능경영 보고서,2011.01~2011.12,2012,Financial Services
1221,삼성화재 2013 지속가능경영보고서,2012.01~2012.12,2013,Financial Services
1222,삼성화재 2014 지속가능경영보고서,2013.01~2013.12,2014,Financial Services
1223,삼성화재 2015 지속가능경영보고서,2014.1~2014.12,2015,Financial Services
1224,삼성화재 2016 지속가능경영보고서,2015.01~2015.12,2016,Financial Services
1225,삼성화재 지속가능경영보고서 2011-2012,2010.01~2011.12,2012,Financial Services
1226,서울메트로 2009 지속가능경영보고서,2006.01~2008.12,2009,"철도,지하철"
1227,서울메트로 지속가능경영보고서 2010,2007.01~2009.12,2010,"철도,지하철"
1228,서울시NPO지원센터 지속가능성보고서,2014.01~2015.02,2015,Public Agency
1229,서울시설공단 2009 지속가능성보고서,2007.01~2009.12,2010,SOC시설관리
1230,서울우유 2013 지속가능경영보고서,2011.1~2013.12,2014,Food and Beverage Products
1231,서울우유 2014 지속가능경영보고서,2014.01~2014.12,2015,Food and Beverage Products
1232,서울특별시농수산식품공사 2013 지속가능경영보고서,2012.01~2012.12,2013,Public Agency
1233,서울특별시농수산식품공사 2014 지속가능경영보고서,2013.01~2013.12,2014,Public Agency
1234,서울특별시농수산식품공사 2015 지속가능경영보고서,2014.01~2014.12,2015,Public Agency
1235,세상의 꿈을 담아 - 지속가능경영보고서 2008,2005.01~2007.12,2009,Energy
1236,스탠다드차타드 PLC 2011 지속가능경영,2011.01~2011.12,2012,은행
1237,스탠다드차타드 PLC 2012 지속가능성 보고서,2012.01~2012.12,2013,은행
1238,스포츠토토 2011 사회책임보고서,2011.01~2011.12,2012,Tourism&Leisure
1239,신한금융그룹 2009 사회책임보고서,2009.01~2009.12,2010,Financial Services
1240,신한금융그룹 2018 사회책임보고서,2018.1~2018.12,2019,Financial Services
1241,신한은행 사회책임보고서 2005,2004.01~2005.04,2005,은행
1242,쌍용양회 2010 환경보고서,2006.1~2010.12,2011,Others
1243,쌍용양회 2011 환경보고서,2007.1~2011.12,2012,Others
1244,쌍용양회 2013 환경보고서,2009.1~2013.12,2014,Others
1245,쌍용양회 2014 지속가능경영보고서,2014.01~2014.12,2015,Others
1246,쌍용양회 2015 지속가능경영보고서,2015.01~2015.12,2016,Others
1247,쌍용양회 2016 지속가능경영보고서,2016.1~2016.12,2017,Others
1248,쌍용양회 2017 지속가능경영보고서,2017.1~2017.12,2018,Others
1249,쌍용양회 2018 지속가능경영보고서,2018.1~2018.12,2019,Others
1250,아름다운가게 지속가능성보고서 2016,2016.1~2016.12,2017,Non-Profit&Services
1251,아모레퍼시픽 2010 지속가능성보고서,2010.01~2010.12,2011,Household and Personal Products
1252,아모레퍼시픽 2011 지속가능성보고서,2011.01~2011.12,2012,Household and Personal Products
1253,아시아나항공 2012 지속가능성보고서,2011.01~2011.12,2012,Aviation
1254,아이들과미래 2010 지속가능희망보고서,2010.01~2010.12,2011,Non-Profit&Services
1255,아이들과미래 2011 지속가능희망보고서,2011.01~2011.12,2012,Non-Profit&Services
1256,아이들과미래 2012 지속가능보고서,2012.01~2012.12,2013,Non-Profit&Services
1257,아이들과미래 2014 연차보고서,2014.1~2014.12,2015,Non-Profit&Services
1258,아이들과미래재단 2019 연차보고서,2019.1~2019.12,2020,Non-Profit&Services
1259,아주그룹 2015 csr,2014.01~2014.12,2015,Constructions Materials
1260,애경산업 2018 csr report,2019.1~2019.12,2020,Household and Personal Products
1261,예금보험공사 2018 사회적가치실현보고서,2018.1~2018.12,2019,Public Agency
1262,예금보험공사 지속가능경영보고서 2012,2012.1~2012.12,2013,Public Agency
1263,오뚜기 2012 환경보고서,2011.01~2011.12,2011,종합식품
1264,우체국물류지원단 2011 지속가능경영 보고서,2011.01~2011.12,2012,Logistics
1265,웅진  환경사회보고서 2011,2009.01~2010.12,2011,환경가전
1266,웅진 2009 환경사회보고서,2007.01~2008.12,2009,환경가전
1267,웅진씽크빅 2009 지속가능경영 보고서,2007.01~2009.12,2010,환경가전
1268,웅진케미칼 2009 지속가능성보고서,2007.01~2009.12,2010,"철도,지하철"
1269,웅진코웨이 2006 Sustainability Report,2006.01~2006.12,2007,Household and Personal Products
1270,웅진코웨이 2009 Sustainability Report,2009.01~2009.12,2010,Household and Personal Products
1271,웅진코웨이 2010 지속가능경영보고서,2010.01~2010.12,2011,Household and Personal Products
1272,웅진코웨이 2011 지속가능경영보고서,2011.01~2011.12,2012,Household and Personal Products
1273,웅진코웨이 지속가능성보고서 2008,2008.01~2008.12,2009,Household and Personal Products
1274,유니베라 2010 지속가능경영보고서,2009.01~2010.12,2011,Healthcare Products
1275,유니베라 2016 지속가능경영 보고서,2015.01~2015.12,2015,화장품
1276,유니베라 2017 지속가능경영 보고서,2016.1~2016.12,2017,화장품
1277,유니베라 2017 지속가능경영 보고서,2017.1~2017.12,2018,화장품
1278,유니베라 2019 지속가능경영 보고서,2018.1~2018.12,2019,화장품
1279,유니베라 2020 지속가능경영 보고서,2019.1~2019.12,2020,화장품
1280,유니베라 지속가능경영 보고서 2012,2011.01~2012.12,2013,Healthcare Products
1281,유한킴벌리 2007 지속가능성보고서,2006.01~2007.05,2007,Household and Personal Products
1282,유한킴벌리 2008 지속가능성보고서,2007.01~2008.05,2008,Household and Personal Products
1283,유한킴벌리 2009 지속가능성 보고서,2008.01~2009.05,2009,Household and Personal Products
1284,유한킴벌리 2010 사회책임경영보고서,2009.01~2010.05,2011,Household and Personal Products
1285,유한킴벌리 2011 사회책임경영보고서,2010.01~2011.05,2012,Household and Personal Products
1286,유한킴벌리 2014 사회책임경영보고서,2013.01~2013.12,2014,Household and Personal Products
1287,유한킴벌리 2015 사회책임경영보고서,2014.1~2014.12,2015,Household and Personal Products
1288,유한킴벌리 2016 지속가능성보고서,2015.1~2015.12,2016,Household and Personal Products
1289,유한킴벌리 2017 지속가능성보고서,2016.1~2016.12,2017,Household and Personal Products
1290,유한킴벌리 2018 지속가능성보고서,2017.1~2017.12,2018,Household and Personal Products
1291,유한킴벌리 지속가능성보고서,2005.01~2005.12,2006,Household and Personal Products
1292,이수페타시스 2017 CSR Report,2016.1~2016.12,2017,Metals Products
1293,이수페타시스 CSR Report 2015,2014.01~2014.12,2015,Metals Products
1294,이수페타시스 CSR 보고서 2019,2018.1~2018.12,2019,Metals Products
1295,이천구년 다음커뮤니케이션 지속가능성보고서,2009.01~2009.12,2010,포털사이트
1296,이천십삼년도 다음커뮤니케이션 지속가능성보고서,2012.01~2012.12,2013,포털사이트
1297,이천십이년 다음커뮤니케이션 지속가능성보고서,2011.01~2011.12,2013,포털사이트
1298,이천십이년 푸른경기21실천협의회 사회적책임보고서,2012.1~2012.12,2013,Non-Profit&Services
1299,이천십일년도 지속가능성보고서,2010.01~2010.12,2011,포털사이트
1300,인선ENT 2009 지속가능경영보고서,2009.01~2009.12,2010,"철도,지하철"
1301,인천국제공항공사 2010 사회책임경영보고서,2007.01~2009.12,2010,Public Agency
1302,인천국제공항공사 사회책임경영보고서 2015,2014.01~2014.12,2015,Public Agency
1303,인천항만공사 2010 지속가능경영보고서,2009.01~2009.12,2011,Public Agency
1304,인천항만공사 지속가능경영보고서 2013,2012.01~2012.12,2013,Public Agency
1305,자화전자 지속가능경영보고서 2007,2006.01~2007.11,2007,Other
1306,전주대학교 2007 지속가능경영보고서,2007.03~2008.02,2009,Universities
1307,제일기획 지속가능경영보고서 2014-2015,2014.01~2014.12,2015,Commercial Service
1308,주식회사 경신 지속가능성보고서 2010,2010.01~2010.12,2011,화장품
1309,지구촌나눔운동 2014 지속가능보고서,2014.01~2014.12,2015,Non-Profit&Services
1310,지속가능경영 보고서 2009,2007.01~2009.10,2010,Public Agency
1311,지속가능경영 보고서,2008.01~2008.12,2009,Public Agency
1312,지속가능경영보고서 - 한국바스프 2010,2010.01~2010.12,2011,Chemicals
1313,지속가능경영보고서 2005,2004.01~2004.12,2005,Energy
1314,지속가능경영보고서 2006,2005.01~2005.12,2006,Energy
1315,지속가능경영보고서 2006,2006.01~2006.12,2006,Energy
1316,지속가능경영보고서 2007,2006.01~2006.12,2007,Energy
1317,지속가능경영보고서 2008,2007.01~2007.12,2008,Energy
1318,지속가능경영보고서 2008,2007.01~2007.12,2008,Food and Beverage Products
1319,지속가능경영보고서 2008,2007.01~2007.12,2009,Energy
1320,지속가능경영보고서 2008,2008.01~2008.12,2000,Public Agency
1321,지속가능경영보고서 2008,2008.01~2008.12,2009,Public Agency
1322,지속가능경영보고서 2008,2008.01~2008.12,2009,백화점
1323,지속가능경영보고서 2009 - 사랑가득 희망에너지,2008.01~2008.12,2010,석유 및 가스
1324,지속가능경영보고서 2009,2008.01~2008.12,2009,Energy
1325,지속가능경영보고서 2009,2009.01~2009.12,2010,Public Agency
1326,지속가능경영보고서 2009-2010,2008.01~2009.12,2011,Financial Services
1327,지속가능경영보고서 2010,2009.01~2009.12,2010,Construction
1328,지속가능경영보고서 2011 · 2012,2011.01~2012.06,2013,Public Agency
1329,지속가능경영보고서 2011,2011.01~2011.12,2012,Public Agency
1330,지속가능경영보고서 2016,2015.1~2015.12,2016,Public Agency
1331,지속가능경영보고서 2017,2016.1~2016.12,2017,Public Agency
1332,지속가능경영보고서2010,2008.01~2009.12,2011,Energy
1333,지속가능보고서 2003,2003.01~2003.09,2003,석유화학
1334,지속가능보고서 2009,2009.01~2009.12,2010,Non-Profit&Services
1335,지속가능보고서 2009,2009.01~2009.12,2010,Public Agency
1336,지속가능보고서 2016,2015.01~2015.12,2016,Equipment
1337,지속가능사회를 위한 한국여성재단 연차보고서 2011,2011.01~2011.12,2012,Non-Profit&Services
1338,지속가능사회를 위한 한국여성재단 연차보고서 2012,2012.01~2012.12,2013,Non-Profit&Services
1339,지속가능성 보고서 2008,2008.01~2008.12,2009,Conglomerates
1340,지속가능성 보고서 2009,2008.01~2008.12,2009,Aviation
1341,지속가능성보고서 2005,2003.01~2004.12,2005,석유화학
1342,지속가능성보고서 2005,2005.01~2005.12,2006,Consumer Durables
1343,지속가능성보고서 2006-2007,2006.01~2007.12,2008,Consumer Durables
1344,지속가능성보고서 2007,2007.01~2007.12,2008,Constructions Materials
1345,지속가능성보고서 2009,2007.01~2008.12,2009,석유화학
1346,지속가능성보고서 2010,2010.01~2010.12,2012,Other
1347,지속가능성보고서2007,2005.01~2006.12,2007,석유화학
1348,지속경영보고서 2006년,2006.01~2006.12,2007,화장품
1349,지식경제부 2010 지속가능보고서,2008.01~2010.12,2011,"철도,지하철"
1350,지역난방공사 2010 지속가능경영보고서,2010.01~2010.12,2011,Energy
1351,코웨이 지속가능경영보고서 2012,2012.01~2012.12,2013,Household and Personal Products
1352,태광실업 SUSTAINABILITY REPORT 2017,2016.6~2017.5,2017,Household and Personal Products
1353,포스코 2010 지속가능성 보고서,2010.01~2010.12,2011,Conglomerates
1354,포스코 2013 지속가능성 보고서,2013.01~2013.12,2014,Conglomerates
1355,포스코 강판 2018지속가능보고서,2018.1~2018.12,2019,Constructions Materials
1356,포스코 강판 2019 기업시민보고서,2019.1~2019.12,2020,Constructions Materials
1357,포스코 기업시민보고서 2018,2018.1~2018.12,2019,Conglomerates
1358,포스코ICT Sustainability Report 2013,2013.1~2013.12,2014,Technology Hardware
1359,포스코건설 2011 지속가능성보고서,2011.01~2011.12,2012,Construction
1360,포스코건설 2016-2017 지속가능성보고서,2016.1~2016.12,2017,Construction
1361,포스코건설 2017-2018 지속가능성보고서,2017.1~2017.12,2018,Construction
1362,포스코건설 지속가능성보고서 2012,2012.01~2012.12,2013,Construction
1363,포스코건설 지속가능성보고서 2013,2013.1~2013.12,2014,Construction
1364,포스코건설 지속가능성보고서 2014-15,2014.01~2014.12,2015,Construction
1365,포스코건설 지속가능성보고서 2015-2016,2015.1~2015.12,2016,Construction
1366,포스코에너지 2011 지속가능경영보고서,2011.01~2011.12,2012,Energy
1367,포스코에너지 2012 지속가능경영보고서,2012.01~2012.12,2013,Energy
1368,포스코에너지 Sustainability Report 2013,2013.01~2013.12,2014,Energy
1369,포스코에너지 Sustainability Report 2015,2015.01~2015.12,2016,Energy
1370,포스코에너지 Sustainability Report 2016-2017,2016.1~2017.12,2018,Energy
1371,포스코인터내셔널 지속가능경영보고서 2018,2018.1~2018.10,2019,Trade
1372,포스코특수강  지속가능성보고서  2013,2013.1~2013.12,2014,Metals Products
1373,포스코특수강 2009 지속가능성보고서,2009.01~2009.12,2010,Metals Products
1374,포스코특수강 2012 지속가능경영보고서,2012.01~2012.12,2013,Metals Products
1375,포스코플랜텍 Sustainability Report 2013,2013.1~2013.12,2014,Other
1376,푸른경기21 실천협의회 2016 지속가능성 보고서,2016.1~2016.12,2017,Non-Profit&Services
1377,푸른경기21실천협의회  2014 사회적책임보고서,2014.1~2014.12,2015,Non-Profit&Services
1378,풀무원 2010 지속경영보고서,2010.01~2010.12,2011,Food and Beverage Products
1379,풀무원 2019 통합보고서,2019.1~2019.12,2020,Food and Beverage Products
1380,풀무원 통합보고서 2018,2018.1~2018.12,2019,Food and Beverage Products
1381,풀무원홀딩스 지속경영보고서 2009,2008.01~2008.12,2009,Food and Beverage Products
1382,하나금융그룹 2011 지속가능성보고서,2011.01~2011.12,2012,Financial Services
1383,하나은행 2006 지속가능성보고서,2006.01~2006.12,2007,은행
1384,하이닉스 반도체 2010 지속가능경영보고서,2010.01~2010.12,2011,전기&전자 부품
1385,한국가스공사 2013 지속가능경영보고서,2013.1~2013.12,2014,Public Agency
1386,한국가스공사 지속가능경영보고서 2012,2012.01~2012.12,2013,Public Agency
1387,한국가스안전공사 2009 지속가능경영보고서,2008.01~2008.12,2009,Public Agency
1388,한국감정원 2008 지속가능경영보고서,2008.01~2008.12,2009,Public Agency
1389,한국감정원 2010 지속가능경영보고서,2010.01~2010.12,2011,Public Agency
1390,한국감정원 2011 지속가능경영보고서,2011.01~2011.12,2012,Public Agency
1391,한국거래소 2012 지속가능경영보고서,2010.01~2012.12,2013,Financial Services
1392,한국공항공사 2010 지속가능경영보고서,2009.01~2010.02,2011,Public Agency
1393,한국관광공사 2008 지속가능경영보고서,2005.01~2008.12,2009,Public Agency
1394,한국관광공사 2009 지속가능경영보고서,2005.01~2009.12,2010,Public Agency
1395,한국관광공사 2010 지속관광경영보고서,2010.01~2010.12,2012,Public Agency
1396,한국관광공사 2011 지속가능경영보고서,2011.01~2011.12,2012,Public Agency
1397,한국관광공사 2012 지속가능경영보고서,2012.01~2012.12,2013,Public Agency
1398,한국관광공사 2013 지속가능경영보고서,2013.1~2013.12,2014,Public Agency
1399,한국관광공사 2014-2015 지속가능경영보고서,2014.1~2015.12,2016,Public Agency
1400,한국광물자원공사 2009 지속가능경영보고서,2009.01~2009.12,2010,Public Agency
1401,한국광물자원공사 2014 지속가능경영보고서,2014.01~2014.12,2015,Public Agency
1402,한국광물자원공사 2015 지속가능경영보고서,2015.1~2015.12,2016,Public Agency
1403,한국광물자원공사 2017 지속가능경영보고서,2017.1~2017.12,2019,Public Agency
1404,한국교직원공제회 2013-2014 지속가능경영보고서,2013.01~2014.12,2015,Others
1405,한국국토정보공사 2016 지속가능경영보고서,2013.1~2015.12,2016,Real Estate
1406,한국국토정보공사 2017 지속가능경영보고서,2016.1~2016.12,2017,Real Estate
1407,한국남동발전 2006 지속가능경영보고서,2005.01~2005.12,2006,Energy
1408,한국남동발전 2012 지속가능경영보고서,2010.01~2011.12,2013,Energy
1409,한국남동발전 2015 지속가능경영보고서,2012.01~2014.12,2015,Energy
1410,한국남동발전 2018 지속가능경영보고서,2017.1~2017.1,2018,Energy
1411,한국남동발전 2019-2020 지속가능경영보고서,2018.1~2019.12,2020,Energy
1412,한국남동발전주식회사 2017 지속가능경영보고서,2015.1~2016.12,2017,Energy
1413,한국남부발전 2008 지속가능성보고서,2007.01~2007.12,2008,Energy
1414,한국남부발전 Sustainability Report 2010,2009.01~2010.12,2011,Energy
1415,한국농어촌공사 2009 지속가능경영보고서,2008.01~2008.12,2009,Public Agency
1416,한국농어촌공사 2012년 지속가능경영보고서,2011.01~2011.12,2012,Public Agency
1417,한국도로공사 지속가능경영 보고서 2007,2006.01~2006.12,2007,Public Agency
1418,한국동서발전 2013 지속가능성보고서,2012.01~2012.12,2014,Energy
1419,한국동서발전 2014 지속가능경영보고서,2013.1~2013.12,2014,Energy
1420,한국동서발전 2020 지속가능경영보고서,2019.1~2019.12,2020,Energy
1421,한국동서발전 Sustainability Report 2019,2017.1~2017.12,2018,Energy
1422,한국마사회 2014 지속가능경영보고서,2013.01~2013.12,2014,Public Agency
1423,한국마사회 2016 지속가능경영보고서,2015.1~2015.12,2016,Public Agency
1424,한국마이크로소프트 2006 기업시민활동 보고서,2005.07~2006.06,2007,Computers
1425,한국마이크로소프트 2007~2008 기업시민활동보고서,2007.01~2008.01,2008,Computers
1426,한국바스프 2001 사회적책임보고서,2001.01~2001.12,2002,Chemicals
1427,한국바스프 2005~2006 지속가능한 발전보고서,2005.01~2006.12,2006,Chemicals
1428,한국바스프 2009 지속가능경영보고서,2009.01~2009.12,2010,Chemicals
1429,한국바스프 2011 지속가능경영보고서,2011.01~2011.12,2012,Chemicals
1430,한국바스프 지속가능경영보고서 2012,2012.01~2012.12,2013,Chemicals
1431,한국바스프 지속가능경영보고서 2013,2013.1~2013.12,2014,Chemicals
1432,한국보훈복지의료공단 2010 지속가능경영보고서,2010.01~2010.12,2011,Public Agency
1433,한국산업단지공단 2010 지속가능경영보고서,2010.01~2010.12,2011,SOC시설관리
1434,한국산업인력공단 2010 지속가능성 보고서,2010.1~2010.12,2011,Public Agency
1435,한국산업인력공단 2011 지속가능성 보고서,2001.1~2011.12,2012,Public Agency
1436,한국산업인력공단 2013 지속가능성 보고서,2013.1~2013.12,2014,Public Agency
1437,한국산업인력공단 2014 지속가능성 보고서,2014.1~2014.12,2015,Public Agency
1438,한국산업인력공단 2015 지속가능성 보고서,2015.10~2015.12,2016,Public Agency
1439,한국산업인력공단 2016 지속가능성 보고서,2016.1~2016.12,2017,Public Agency
1440,한국산업인력공단 2017 지속가능성 보고서,2017.1~2017.12,2018,Public Agency
1441,한국산업인력공단 2018-2019 지속가능성보고서,2018.1~2019.12,2020,Public Agency
1442,한국산업인력공단 유엔글로벌컴팩트 이행보고서(지속가능성 보고서) 2012,2012.1~2012.12,2013,Public Agency
1443,한국서부발전 2012 지속가능보고서,2011.01~2011.12,2012,Energy
1444,한국서부발전 2013 지속가능경영보고서,2010.01~2012.12,2013,Energy
1445,한국서부발전 2014 지속가능경영보고서,2011.1~2013.12,2014,Energy
1446,한국서부발전 2016 지속가능경영보고서,2014.1~2015.12,2016,Energy
1447,한국서부발전 2020 지속가능경영보고서,2018.1~2019.12,2020,Energy
1448,한국석유공사 2010 지속가능경영보고서,2007.01~2009.12,2011,Public Agency
1449,한국석유공사 2012 지속가능경영보고서,2010.01~2011.12,2013,Public Agency
1450,한국수력원자력 2010 지속가능성보고서,2007.01~2009.12,2011,Energy
1451,한국수력원자력 지속가능경영보고서 2011,2008.01~2011.09,2012,Energy
1452,한국수력원자력 지속가능경영보고서 2015,2014.01~2014.12,2015,Energy
1453,한국수력원자력 지속가능경영보고서 2016,2015.1~2015.12,2016,Energy
1454,한국수력원자력 지속가능경영보고서 2017,2016.1~2016.12,2017,Energy
1455,한국수력원자력 지속가능경영보고서 2018,2017.1~2017.12,2019,Energy
1456,한국여성재단 2008 지속가능경영보고서,2008.01~2008.12,2009,Non-Profit&Services
1457,한국여성재단 2009 지속가능경영보고서,2009.01~2009.12,2010,Non-Profit&Services
1458,한국연구재단 2018 사회책임경영보고서,2018.1~2018.12,2019,Public Agency
1459,한국연구재단 2019 사회책임경영보고서,2019.1~2019.12,2020,Public Agency
1460,한국우편물류지원단 2010 지속가능경영 보고서,2010.01~2010.12,2010,Logistics
1461,한국인터넷진흥원 지속가능경영보고서 2011,2010.01~2011.07,2011,Public Agency
1462,한국인터넷진흥원 지속가능경영보고서 2012,2011.01~2012.06,2013,Public Agency
1463,한국인터넷진흥원 지속가능경영보고서 2013,2012.01~2012.12,2014,Public Agency
1464,한국자산관리공사 2018 사회책임경영보고서,2015.1~2017.12,2018,Public Agency
1465,한국자산관리공사 2019 사회책임경영보고서,2018.1~2018.12,2019,Public Agency
1466,한국자산관리공사 지속가능경영보고서(2010~2012),2010.01~2012.12,2013,Public Agency
1467,한국전력거래소 2009 지속가능경영보고서,2008.01~2008.12,2009,Public Agency
1468,한국전력거래소 2010 지속가능경영보고서,2009.1~2009.12,2010,Public Agency
1469,한국전력공사 2017 지속가능경영보고서,2016.1~2016.12,2017,Energy
1470,한국전력공사 2018 지속가능경영보고서,2017.1~2017.12,2019,Energy
1471,한국전력공사 2020 지속가능경영보고서,2019.1~2019.12,2020,Energy
1472,한국전력공사 지속가능경영보고서 2014,2013.01~2013.12,2014,Energy
1473,한국지역난방공사 2011-2012 지속가능경영보고서,2011.01~2012.12,2013,Energy
1474,한국지역난방공사 2020 KDHC 사회적가치 보고서,2018.1~2019.12,2020,Energy
1475,한국철도공사 2009 지속경영보고서,2009.01~2009.12,2010,Railroad
1476,한국철도공사 2019-2020년 지속가능경영보고서,2019.1~2019.12,2020,Railroad
1477,한국철도시설공단 2010 지속가능경영보고서,2009.01~2009.12,2010,Railroad
1478,한국철도시설공단 2012 지속가능경영보고서,2011.01~2011.12,2012,Railroad
1479,한국철도시설공단 2013 지속가능경영보고서,2012.01~2012.12,2013,Railroad
1480,한국철도시설공단 2014지속가능경영보고서,2013.1~2013.12,2014,Railroad
1481,한국철도시설공단 2015년 지속가능경영보고서,2014.01~2015.01,2015,Railroad
1482,한국철도시설공단 2016 지속가능경영보고서,2015.01~2015.12,2016,Railroad
1483,한국철도시설공단 2018 지속가능경영보고서,2017.1~2017.12,2018,Railroad
1484,한국철도시설공단 2019 지속가능경영보고서,2018.1~2018.12,2019,Railroad
1485,한국철도시설공단 지속가능경영보고서 2011,2010.01~2010.12,2011,Railroad
1486,한국컴패션 2010지속가능보고서,2010.01~2010.12,2012,Non-Profit&Services
1487,한국타이어 2010 CSR 보고서,2010.01~2010.12,2011,Consumer Durables
1488,한국타이어 CSR REPORT 2012~13,2012.01~2012.12,2013,Consumer Durables
1489,한국타이어 CSR 보고서 2009,2009.01~2009.12,2010,Consumer Durables
1490,한국타이어 CSR 보고서 2011~2012,2011.01~2011.12,2012,Consumer Durables
1491,한국타이어 CSR 보고서 2019~20,2019.1~2019.12,2020,Consumer Durables
1492,한국타이어 CSR 보고서,2018.1~2018.12,2019,Consumer Durables
1493,한국토지공사 2004 지속가능성보고서,2004.01~2004.12,2005,Public Agency
1494,한국토지공사 2006 지속가능성보고서,2005.01~2006.07,2006,Public Agency
1495,한국토지공사 2008 지속가능성보고서,2006.08~2007.12,2008,Public Agency
1496,한국토지공사 2009 지속가능성보고서,2008.01~2008.12,2009,Public Agency
1497,한국토지주택공사 Sustainability Report 2013,2012.01~2012.12,2013,Public Agency
1498,한국후지제록스 2014 지속가능보고서,2013.4~2014.3,2014,Technology Hardware
1499,한국후지제록스 2016,2015.4~2016.3,2017,Technology Hardware
1500,한미약품 2019-20 CSR Report,2019.1~2019.12,2020,Healthcare Products
1501,한솔제지 2014 지속가능경영보고서,2013.01~2013.12,2014,Forest and Paper Products
1502,한전 KDN 지속가능경영보고서 2017,2014.1~2016.12,2017,종합식품
1503,한전 KPS 2015-2016 지속가능경영보고서,2015.1~2016.12,2017,Energy
1504,한전KDN 2020 지속가능경영보고서,2019.1~2019.12,2020,종합식품
1505,한전KDN 지속가능경영보고서 2018,2016.1~2017.12,2018,종합식품
1506,한전KPS 2006 지속가능경영보고서,2006.01~2006.12,2007,종합식품
1507,한전KPS 2008 지속가능경영보고서,2007.01~2008.12,2009,종합식품
1508,한전KPS 2017-2018 지속가능경영보고서,2017.1~2018.12,2019,Energy
1509,한진해운 2013 지속가능성 보고서,2011.01~2012.12,2013,철강
1510,한화생명 지속가능경영보고서 2020,2019.1~2019.12,2020,생명보험
1511,한화케미칼 2013 지속가능성보고서,2012.01~2012.12,2013,Chemicals
1512,한화케미칼 2015 Sustainability Report,2014.1~2014.12,2015,Chemicals
1513,한화케미칼 2019 Communication on Process,2018.1~2018.12,2019,Chemicals
1514,한화큐셀 2017 지속가능경영보고서,2016.1~2016.12,2017,Energy Utilities
1515,한화큐셀 2018 지속가능경영보고서,2017.1~2017.12,2018,Energy Utilities
1516,함께하는 시민행동 3번째 지속가능보고서( 2013~2014 ),2013.1~2014.12,2015,Non-Profit&Services
1517,함께하는 시민행동 두번째 지속가능보고서(2009-2012),2009.01~2012.12,2013,Non-Profit&Services
1518,함께하는시민행동,2000.01~2008.12,2009,Non-Profit&Services
1519,해양환경관리공단 2015 지속가능경영보고서,2015.1~2015.12,2016,Public Agency
1520,해양환경관리공단 지속가능경영보고서,2014.01~2014.12,2015,Public Agency
1521,현대건설 지속가능경영보고서 2011,2010.01~2010.12,2012,Construction
1522,현대건설 지속가능경영보고서 2012,2011.01~2011.12,2012,Construction
1523,현대모비스 2010 지속가능성보고서,2009.01~2009.12,2010,Equipment
1524,현대모비스 2011 지속가능성보고서,2010.01~2010.12,2011,Equipment
1525,현대모비스 2012 지속가능성 보고서,2011.01~2011.12,2012,Equipment
1526,현대모비스 2013 지속가능성 보고서,2012.01~2012.12,2013,Equipment
1527,현대모비스 Sustainability Report 2019,2018.1~2018.12,2019,Equipment
1528,현대모비스 지속가능성 보고서 2015,2014.01~2014.12,2015,Equipment
1529,현대모비스 지속가능성보고서 2017,2016.1~2016.12,2017,Equipment
1530,현대모비스 지속가능성보고서 2018,2017.1~2017.12,2018,Equipment
1531,현대엔지니어링 2016~2017 지속가능경영보고서,2016.1~2017.12,2018,Construction
1532,현대오일뱅크 2007 지속가능경영보고서,2006.01~2006.12,2006,석유 및 가스
1533,현대오일뱅크 2010 지속가능경영보고서,2009.01~2009.12,2010,석유 및 가스
1534,현대자동차 2002~2003 지속가능성보고서,2002.01~2002.12,2003,Automotive
1535,현대자동차 2003~2004 지속가능성 보고서,2003.01~2003.12,2004,Automotive
1536,현대자동차 2005 지속가능성 보고서,2004.01~2004.12,2006,Automotive
1537,현대자동차 2006 지속가능성 보고서,2005.01~2005.12,2006,Automotive
1538,현대자동차 2007 지속가능성 보고서,2006.01~2006.12,2007,Automotive
1539,현대자동차 2008 지속가능성 보고서,2007.01~2007.12,2008,Automotive
1540,현대자동차 2009 지속가능성 보고서,2008.01~2008.12,2009,Automotive
1541,현대자동차 2011년 지속가능성보고서,2010.01~2010.12,2012,Automotive
1542,현대자동차 2013 지속가능성 보고서,2012.01~2012.12,2013,Automotive
1543,현대자동차 2014 지속가능성 보고서,2013.01~2013.12,2014,Automotive
1544,현대자동차 2015 지속가능성보고서,2014.01~2014.12,2015,Automotive
1545,현대자동차 2016 지속가능성 보고서,2015.01~2015.12,2016,Automotive
1546,현대자동차 2019 지속가능성 보고서,2018.1~2018.12,2019,Automotive
1547,현대자동차 2020 지속가능성보고서,2019.1~2019.12,2020,Automotive
1548,현대제철 2007 지속가능성보고서,2007.01~2007.12,2008,Metals Products
1549,현대제철 2008 지속가능경영보고서,2008.01~2008.12,2009,Metals Products
1550,현대제철 2010 지속가능경영 보고서,2009.01~2009.12,2010,Metals Products
1551,현대제철 2011 지속가능경영보고서,2010.01~2011.01,2011,Metals Products
1552,현대제철 2012 지속가능경영보고서,2011.01~2012.03,2012,Metals Products
1553,현대제철 2013 지속가능경영보고서,2012.01~2013.03,2013,Metals Products
1554,현대제철 2014 지속가능경영보고서,2013.1~2013.12,2014,Metals Products
1555,현대제철 2015 지속가능경영보고서,2014.01~2014.12,2015,Metals Products
1556,현대제철 2016 통합보고서,2015.1~2015.12,2016,Metals Products
1557,현대제철 2017 통합보고서,2016.1~2016.12,2017,Metals Products
1558,현대제철 2018 통합보고서,2017.1~2017.12,2018,Metals Products
1559,현대제철 2019 통합보고서,2018.1~2018.12,2019,Metals Products
1560,현대트랜시스 지속가능경영보고서 2020,2019.1~2019.12,2020,Equipment
1561,현대해상 2010~2011 지속가능성보고서,2010.04~2012.03,2012,Financial Services
1562,현대해상화재보험 지속가능성 보고서 2008~2009,2008.01~2009.12,2010,Financial Services
1563,현대해상화재보험 지속가능성보고서 2017-2018 Sustainability Report,2017.1~2018.12,2019,Financial Services
1564,호남석유화학 2007 지속가능성보고서,2007.01~2007.12,2008,Chemicals
1565,호남석유화학 2008 지속가능성보고서,2008.01~2008.12,2009,Chemicals
1566,호남석유화학 2009 지속가능경영보고서,2009.01~2009.12,2010,Chemicals
1567,홈플러스 2006 지속가능성보고서,2000.01~2006.12,2007,할인점
1568,환경재단 2016 지속가능보고서,2016.1~2016.12,2017,Non-Profit&Services
1569,환경재단 2019 지속가능보고서,2019.1~2019.12,2020,Non-Profit&Services
1570,환경재단 지속가능보고서 2007,2007.01~2007.12,2008,Non-Profit&Services
1571,환경재단 지속가능보고서 2008,2008.01~2008.12,2009,Non-Profit&Services
1572,환경재단 지속가능보고서 2012,2012.01~2012.12,2013,Non-Profit&Services
1573,환경재단 지속가능보고서 2013,2013.01~2013.12,2014,Non-Profit&Services
1574,환경재단 지속가능보고서 2014,2014.01~2014.12,2015,Non-Profit&Services
1575,환경재단 지속가능보고서 2015,2015.1~2015.12,2016,Non-Profit&Services
1576,효성 2019 지속가능경영보고서,2019.1~2019.12,2020,환경가전
